INP_NodeID,MTX_NodeID,X,Y,Z,NormalX,NormalY,NormalZ,NodalArea,Pressure_Reconstructed,Pressure_Reference,Pressure_Error,Pressure_RelativeError,U1_Reconstructed,U2_Reconstructed,U3_Reconstructed,EquivalentForceX,EquivalentForceY,EquivalentForceZ
44,41,14.059468711656,1.3213382053299,9.3228367104515,0.0616705552503091,0.359197092603266,0.931221880799887,4.82260031130188,-0.0748936542789643,NaN,NaN,NaN,0.0646027071943575,-0.277129430244183,-0.263786404207932,0.0222743043808576,0.129735581930311,0.336340730756554
45,42,14.055859827227,1.3082343524453,-9.396771506921,0.06199557305639,0.360543510494657,-0.930679819251282,4.78003702673387,-0.0748936542789643,NaN,NaN,NaN,0.0682083384312935,-0.329596201946614,0.349965745331156,0.0221940704910921,0.129072572322959,-0.333178201196913
46,43,12.438589825994,-2.454488555049,-9.862116025511,0.0100265018887188,-0.0531067033686556,-0.998538505675765,4.64039799141351,-0.0748936542789643,NaN,NaN,NaN,0.0263620587163822,-0.171766919356567,-1.7607544591876,0.00348457399887217,-0.0184565105335936,-0.347028440463901
47,44,18.851618670862,1.7551139607917,8.9401954001253,0.0146232212466463,0.520499713141239,0.853736616305204,4.44800144005425,-0.0748936542789643,NaN,NaN,NaN,0.126243377765549,-0.161399694232941,-0.0722049042070727,0.0048713910245605,0.173392550664174,0.284402787857814
48,45,21.422384684284,1.5261818649078,8.9113734708596,0.131797097783684,0.354279158222976,0.9258054887851,5.34264989114011,-0.0748936542789643,NaN,NaN,NaN,0.207131001044029,-0.152973938089864,-0.0663686242738281,0.0527360483719821,0.141757922893693,0.370443081529385
49,46,18.758591711762,1.6180512367974,-9.08544869941,0.0137126887816736,0.489384371477264,-0.871960377035666,4.93755769860314,-0.0748936542789643,NaN,NaN,NaN,0.129625157547831,-0.24236459787858,0.178310333003931,0.00507083903452841,0.180970297896033,-0.322443744391238
50,47,21.372984584044,1.6879999910574,-8.917118887271,0.117165492302901,0.392368598904276,-0.912315258015185,4.98205560033036,-0.0748936542789643,NaN,NaN,NaN,0.179124609046887,-0.133981946103539,0.04593623525566,0.0437172981262826,0.146402278320519,-0.340407037395418
51,48,23.992312649158,1.3807503514847,-8.516404667641,0.29265689094387,0.186316199080459,-0.937890301764166,5.63828802657755,-0.0748936542789643,NaN,NaN,NaN,0.269975131144238,-0.111282990238425,-0.0178691212216686,0.123580808951647,0.0786761129351821,-0.39604480805528
52,49,26.376736019175,1.0990085341073,-7.570497333826,0.477549250510671,0.0479699566005668,-0.87729447541885,5.19309636066779,-0.0748936542789643,NaN,NaN,NaN,0.385691560361763,-0.119606501568739,-0.0393971933347637,0.18573321255777,0.0186569534684695,-0.341206108279895
53,50,23.975904377591,1.2183761995184,8.4837637315993,0.292114325761228,0.160132083446494,0.942882249560436,6.15806127980303,-0.0748936542789643,NaN,NaN,NaN,0.280896988999261,-0.0962126298275851,0.0724920958199365,0.134723043063539,0.0738528708504703,0.434857022435829
54,51,26.347576404538,1.0982992856336,7.5175564131394,0.478922718250623,0.0479377449736091,0.876547204975454,5.21296954422572,-0.0748936542789643,NaN,NaN,NaN,0.394290530658957,-0.123208499055065,0.0329200650023237,0.186980212078741,0.0187157747589903,0.342220103656828
55,52,28.449492663278,1.0535224072735,5.8683790891648,0.747346793660728,-0.0889787208520862,0.658449358144236,5.11249638788355,-0.0748936542789643,NaN,NaN,NaN,0.644340686256594,-0.142859734892001,-0.0884925376031597,0.286154257172881,-0.0340693771427092,0.252116003659821
56,53,29.716627269057,0.9354070463398,3.5364952600241,0.928398550637547,-0.172889963339152,0.328915174096131,5.19182106923655,-0.0748936542789643,NaN,NaN,NaN,1.25802001284852,-0.0554618620541173,-0.205606529771467,0.360993341895374,-0.0672255741923658,0.127893551552318
57,54,30.192489259972,0.8883863297416,1.1795539098071,0.971908567762366,-0.205725088864309,0.114328140551125,5.11278640999887,-0.0748936542789643,NaN,NaN,NaN,1.86779170745133,0.103571935059037,-0.121411671956534,0.372158619775605,-0.0787752754368911,0.0437779894120876
58,55,30.194631195056,0.8706002466747,-1.158335915549,0.971657351654013,-0.209462796671297,-0.109577953016786,5.31637055842523,-0.0748936542789643,NaN,NaN,NaN,1.88338246978231,0.110810267812573,0.113791866549955,0.386877441205985,-0.0834002137338803,-0.0436298228007636
59,56,29.702732326291,0.878938134692,-3.609757052917,0.929186691572263,-0.173335728278288,-0.326445734398884,5.2737470005155,-0.0748936542789643,NaN,NaN,NaN,1.26277938335605,-0.0522172350081938,0.204630137932983,0.367001039108691,-0.0684624445978153,-0.12893633198111
60,57,28.429237337565,0.9832995737268,-5.947092336547,0.748298561607764,-0.0893295796891921,-0.657319928868966,5.08222444268862,-0.0748936542789643,NaN,NaN,NaN,0.650281889830407,-0.140339939423173,0.0840087970622496,0.284822157981472,-0.0340011927912673,-0.250193292129862
61,58,12.13266880369,-7.165499830721,-8.481577914303,0.0510347131686908,-0.478870331454015,-0.87640097198994,4.83780377226723,-0.0748936542789643,NaN,NaN,NaN,0.0490179604067291,-0.402041291858776,-0.700224628964775,0.0184909382658335,-0.173504683116113,-0.317538304087586
62,59,12.243619942528,-10.67684835374,-4.842202747855,0.149587687258714,-0.870905213833594,-0.468132067196908,5.39872786521705,-0.0748936542789643,NaN,NaN,NaN,0.0656176900494832,-0.549140450871677,-0.244693517291937,0.0604828581429263,-0.352133504231068,-0.189280053267057
63,60,12.212518550223,-11.64363503317,0.135745028481,0.161145113278116,-0.986918885180791,0.00483389491908699,4.9480022423919,-0.0748936542789643,NaN,NaN,NaN,-0.206598689822054,-2.20297887727036,0.00591883127066599,0.0597161842629031,-0.365726448671643,0.00179131562740917
64,61,12.131919288536,-10.6596791613,4.8401141616669,0.143443188474077,-0.867598078326988,0.476127741434699,5.03368965100089,-0.0748936542789643,NaN,NaN,NaN,0.0593549962409239,-0.495028400554022,0.225167111910237,0.0540768502319941,-0.327077025004455,0.179496069759457
65,62,12.373636072295,-7.169680078251,8.3950244927024,0.0569320570524998,-0.470063374875497,0.880794621055572,5.43597345739681,-0.0748936542789643,NaN,NaN,NaN,0.0655566732219511,-0.380043238376431,0.649975736914588,0.0231781743297779,-0.191372162064353,0.358589032831377
66,63,12.655199310326,-2.583044891673,9.7825068403003,0.0322003907708104,-0.0814465218591495,0.996157416732543,6.05657730934774,-0.0748936542789643,NaN,NaN,NaN,0.00873960450687709,-0.228351904760453,2.05635363143035,0.0146060717225973,-0.0369440777380009,0.451856214396698
67,64,15.036984756556,-1.05116158228,9.7760058510646,0.0399723621822414,0.0165776111394669,0.999063257792258,7.38173854426974,-0.0748936542789643,NaN,NaN,NaN,0.0570776647716729,-0.149861549602379,1.25972467993677,0.0220985355407803,0.00916485563891689,0.552327500915583
68,65,22.346387928092,-1.030573575768,8.9387662447648,0.207360460970268,-0.14702145500428,0.967153726661187,6.67000555860191,-0.0748936542789643,NaN,NaN,NaN,0.313932708046062,-0.238796082063202,0.500614358786153,0.103585070767467,-0.0734432579369025,0.483133027147271
69,66,29.634223044863,-1.136970202674,0.1108557545891,0.922999008385416,-0.384668433179886,0.0101502233704295,3.89899867268547,-0.0748936542789643,NaN,NaN,NaN,1.9213702377835,0.0157436248846411,-0.00962562921834665,0.269525179150394,-0.112327128658211,0.00296396935151329
70,67,22.551872663235,-0.41636486513,-9.03202352952,0.27688236868595,-0.0548584270553075,-0.959336597285789,5.30484996090674,-0.0748936542789643,NaN,NaN,NaN,0.302031773870016,-0.18399471869968,-0.339556494869762,0.110005254041879,-0.0217952310694141,-0.381144045382655
71,68,17.466433263982,-0.547802923867,-9.754169665486,0.0603815388872303,0.0794205535464696,-0.995010776542637,4.81772065688035,-0.0748936542789643,NaN,NaN,NaN,0.129500469154778,-0.186897109418617,-0.561470815257053,0.0217866679215714,0.0286562624628675,-0.359016510119185
72,69,14.852455401088,-1.038265348671,-9.846469979604,0.0206976775104476,0.0546119939005128,-0.998293111399595,5.92079726621437,-0.0748936542789643,NaN,NaN,NaN,0.0656809108199141,-0.146635237782945,-1.48142850404937,0.00917797410881658,0.0242166042927643,-0.44267325765466
73,70,14.399497020672,-3.493053661137,-9.704905553255,0.0372861507167792,-0.173037923310419,-0.984209134310967,4.75705084275658,-0.0748936542789643,NaN,NaN,NaN,0.115330095851795,-0.268339394007785,-1.14657172584436,0.0132840458363519,-0.0616487264170266,-0.350647063357482
74,71,16.760233103306,-2.738517730954,-9.704833491545,0.106236376157872,-0.189376612347066,-0.976140528344558,5.60062564029371,-0.0748936542789643,NaN,NaN,NaN,0.155597563470755,-0.306053604004047,-1.05793128751867,0.0445609882592485,-0.079434270111336,-0.409443433558944
75,72,14.027309536501,-5.831845504273,-9.02547894163,0.0700680677087037,-0.397835467963032,-0.914777244097274,4.95169785704679,-0.0748936542789643,NaN,NaN,NaN,0.142782976473093,-0.430164910581424,-1.03542046391439,0.0259847952786151,-0.14753758063614,-0.339245824677575
76,73,15.778254630549,-6.890227341897,-8.175443177154,0.19587009640837,-0.533572919920637,-0.822760502491668,3.81452387749491,-0.0748936542789643,NaN,NaN,NaN,0.342627348378676,-0.311540839226019,-0.494727028463969,0.0559568806439774,-0.152433049977208,-0.235049209045765
77,74,14.338154130974,-9.628969571524,-5.792663288428,0.200419459694672,-0.807714042444922,-0.554463764201935,5.85916955667019,-0.0748936542789643,NaN,NaN,NaN,0.197131204151877,-0.711711700211056,-0.477495848111691,0.0879469888739798,-0.354436729908763,-0.243306805514698
78,75,14.374871536922,-10.7461410987,-3.442449739368,0.231651239176264,-0.932178718375782,-0.278173579614214,6.08865194484366,-0.0748936542789643,NaN,NaN,NaN,0.285022958413363,-0.55419929085489,-0.114061542989851,0.105633287935719,-0.425074794833335,-0.126847540017428
79,76,14.283622177983,-11.14742777527,1.5489430019538,0.21932382874256,-0.968301601035097,0.119536887940805,3.98696652288647,-0.0748936542789643,NaN,NaN,NaN,0.00738805834487657,-1.80553253789774,0.142626306653673,0.0654897646070432,-0.289133398244866,0.035693534523742
80,77,13.924495449955,-10.83896036087,3.46940814108,0.231333775267615,-0.922886067540858,0.307840852973421,3.76156378350033,-0.0748936542789643,NaN,NaN,NaN,0.203065177841944,-0.70204172631423,0.137896347627286,0.0651707167470218,-0.259992931978481,0.086724080861447
81,78,14.446379455537,-9.799271368316,5.4115904355716,0.222246913145336,-0.823615646465673,0.521788823657906,6.97992625270255,-0.0748936542789643,NaN,NaN,NaN,0.261159410016799,-0.497243948494503,0.298948860849956,0.11618005915899,-0.430546877688591,0.272766246977895
82,79,15.054612439153,-6.02007954269,8.7572396858945,0.117110780666577,-0.460847411549326,0.879718550628524,6.50465940801138,-0.0748936542789643,NaN,NaN,NaN,0.189392518920526,-0.464161372101984,0.941193338018674,0.057051420066168,-0.224505371009027,0.428561677125188
83,80,17.616023014989,-2.586639634652,9.5865908377174,0.149820914378026,-0.130471204953527,0.980066813178013,7.82638918687304,-0.0748936542789643,NaN,NaN,NaN,0.156664393925016,-0.312824688649024,0.946799420439556,0.0878170624224942,-0.0764752904980426,0.574463110630245
84,81,18.172764869495,-5.205407048753,8.5683429589597,0.241188229101627,-0.482948191202478,0.841777454412433,6.10518138140396,-0.0748936542789643,NaN,NaN,NaN,0.325494194887219,-0.499301539368477,0.896555858015769,0.110280747579998,-0.220822913981326,0.384893770787938
85,82,17.03870916126,-8.85302500553,5.6171096285782,0.288790641838858,-0.826757196072009,0.48277583196495,6.79733647501399,-0.0748936542789643,NaN,NaN,NaN,0.591078860611748,-0.161346964919024,0.155221098193695,0.147016779843856,-0.420883377332789,0.24577024985986
86,83,16.796565475311,-9.58040135188,-4.527287702976,0.322634531599606,-0.848243856996865,-0.419987283243891,8.31986437462765,-0.0748936542789643,NaN,NaN,NaN,0.440212555804988,-0.648965204557691,-0.287278873384319,0.201035204692675,-0.528545027636086,-0.261696195496017
87,84,16.424422886984,-10.63134901257,0.7734440919838,0.311819325930096,-0.94911799902752,0.0440877749324772,5.43301359972866,-0.0748936542789643,NaN,NaN,NaN,0.21102112405242,-1.51639846174797,0.069862925678463,0.126878735614608,-0.386194445474092,0.0179392381239004
88,85,19.184299689128,-2.371148160686,-9.48803923098,0.167671737731557,-0.196658016191806,-0.966028888301785,5.03915134700791,-0.0748936542789643,NaN,NaN,NaN,0.227717863331445,-0.296301721122866,-0.699390961378391,0.0632793907547566,-0.074218825545782,-0.364579745699902
89,86,21.152265232011,-2.036977515516,-9.126409187514,0.250311279022145,-0.211744733696136,-0.944726643715657,3.93470952890956,-0.0748936542789643,NaN,NaN,NaN,0.29176751352053,-0.309737375443041,-0.600750211417807,0.0737629229752233,-0.0623979492376587,-0.278396558578066
90,87,21.017640546623,-4.026553455443,-8.328924717785,0.325092304487617,-0.451624918078385,-0.830872990855776,3.81445759048777,-0.0748936542789643,NaN,NaN,NaN,0.255883886771559,-0.696412295415775,-1.1897851387759,0.0928719365372995,-0.129019605052006,-0.237362689341215
91,88,20.489443477683,-5.989798996663,-7.191010684722,0.375997907654111,-0.607725813518377,-0.699496182279187,4.4804651819581,-0.0748936542789643,NaN,NaN,NaN,0.543616779007014,-0.50524758265296,-0.665483771926968,0.126169260186026,-0.203927507910764,-0.234721826969054
92,89,22.670456951828,-4.754166686105,-6.957482969731,0.434665391118024,-0.584387116615689,-0.685242800544316,4.36049339879252,-0.0748936542789643,NaN,NaN,NaN,0.620333380140877,-0.50261225647783,-0.666287991110854,0.141950104694461,-0.190845220440306,-0.223781992461368
93,90,24.896020669442,-3.096266971583,-6.776327959036,0.531584946339941,-0.52297331596368,-0.666270482322844,5.37163884977108,-0.0748936542789643,NaN,NaN,NaN,0.675928960165909,-0.3845461129011,-0.464353794208745,0.213857507899098,-0.210393034678222,-0.268041722997127
94,91,27.980856124517,-3.109445101003,-2.654385845174,0.741967003024583,-0.604844529053114,-0.289219747073457,5.29385997977643,-0.0748936542789643,NaN,NaN,NaN,1.3669916850114,-0.270603482187045,-0.0462416752115167,0.294172494665998,-0.239806653491759,-0.114668838582366
95,92,28.736190030104,-2.807276234047,-0.700627207397,0.798397461063826,-0.597292308019236,-0.0761800035960283,3.4427219979169,-0.0748936542789643,NaN,NaN,NaN,1.51787762772524,-0.201405580564805,0.00585929356075416,0.20585722938841,-0.154004672685224,-0.0196421021356727
96,93,28.382925943644,-3.175866192759,1.1558197985545,0.779009267231007,-0.613105624707031,0.1313242343241,3.90418363613597,-0.0748936542789643,NaN,NaN,NaN,1.55667224060854,-0.178274976445369,0.00263862853491266,0.227781203145055,-0.179271213739432,0.0383990195685003
97,94,27.75717029116,-3.136966693999,3.0448218732741,0.728880117751902,-0.596423246376012,0.336174188670506,4.88970667742426,-0.0748936542789643,NaN,NaN,NaN,1.30203120434231,-0.296463619634758,0.0763384189585634,0.266921731200019,-0.218414965058505,0.123109677763548
98,95,25.118514906564,-3.275927115389,6.3768351126112,0.537934244852787,-0.549582935077885,0.639206809793074,5.78599440743942,-0.0748936542789643,NaN,NaN,NaN,0.812833793944601,-0.334012607508267,0.326206899386106,0.23310534050983,-0.238153117124531,0.276990212983732
99,96,21.004469566246,-5.460750271593,7.2908366879336,0.394217902295789,-0.606432277913287,0.690530330843193,6.30759007919534,-0.0748936542789643,NaN,NaN,NaN,0.478116394470031,-0.632774320765702,0.839047386450961,0.186227934176822,-0.286477680684321,0.326205472279332
100,97,22.112268404076,-6.68162180846,-5.301534219629,0.49353328725592,-0.732076511761274,-0.469562429606342,6.18732643624173,-0.0748936542789643,NaN,NaN,NaN,0.882956711738324,-0.345669437783164,-0.301939218888395,0.228699123878837,-0.339238023402584,-0.217591232507287
101,98,21.547433627908,-8.155877578537,-2.932755136952,0.463822919563222,-0.842225688089058,-0.274816647259154,6.89437803178649,-0.0748936542789643,NaN,NaN,NaN,0.838797962832934,-0.583627413960237,-0.18504742189843,0.239492721831124,-0.434879161699223,-0.141900247013618
102,99,25.580921183796,-4.670171015482,4.0466930000442,0.583564589627034,-0.709909104858911,0.394311339644007,5.95838375294945,-0.0748936542789643,NaN,NaN,NaN,0.999177906349588,-0.51326682399498,0.290032118026627,0.260412857827469,-0.316793482812593,0.175959516145592
103,100,20.703661722618,-8.968845669992,-0.231326844226,0.447449563462845,-0.894224988278773,-0.0122702279823309,5.79358692963228,-0.0748936542789643,NaN,NaN,NaN,0.657221658827176,-0.958199439144825,-0.014602812845975,0.194149661643432,-0.388006812575295,-0.00532408746277642
104,101,19.357108292746,-8.765121975488,4.1959857805924,0.355775310328949,-0.853887798943503,0.379867813029427,6.98856100684636,-0.0748936542789643,NaN,NaN,NaN,0.648767868601213,-0.609407785636133,0.276435571950945,0.186212396095328,-0.446923910742486,0.198822384831312
105,102,21.523348598515,-8.30560318967,2.320056739454,0.487471511406992,-0.848263372710356,0.206931815061471,5.91684414366011,-0.0748936542789643,NaN,NaN,NaN,0.899553884263827,-0.5401429430881,0.133708777314767,0.21601523959598,-0.375894409024316,0.0916985394315979
106,103,22.808896202868,-7.806804846034,-0.088092250448,0.517537059878309,-0.855566766861401,-0.0126846006970957,5.39909694644699,-0.0748936542789643,NaN,NaN,NaN,0.956718561580315,-0.667894614640942,-0.000906377566126352,0.209270302277092,-0.345955352378861,-0.00512912103873217
107,104,21.72919559793,-7.173273517029,4.8693685081939,0.492593919176933,-0.745598031444267,0.448814890903079,7.4877902729366,-0.0748936542789643,NaN,NaN,NaN,0.933545594009261,-0.305511958620185,0.248120409793277,0.276240746932384,-0.418122410974179,0.251689994274798
108,105,23.765602443983,-6.885006210794,-2.233408899049,0.579684679149396,-0.765280834214939,-0.279840878970082,8.24826006566754,-0.0748936542789643,NaN,NaN,NaN,1.27793412464539,-0.185636984755799,-0.055780750808294,0.358095768862037,-0.472746371571695,-0.172869558776097
109,106,19.754084987119,-9.17764354003,-2.430107976188,0.376825396635623,-0.886781725384254,-0.267620612014342,8.71100629906913,-0.0748936542789643,NaN,NaN,NaN,0.762744545810411,-0.530440512562767,-0.100035482512325,0.245840547430744,-0.578535594379934,-0.174595444863222
110,107,15.738664945649,-8.436975724604,-6.790927909125,0.254472410311603,-0.744085340065951,-0.617722266952667,5.65161417851128,-0.0748936542789643,NaN,NaN,NaN,0.300746282253531,-0.584501296665812,-0.527392149153113,0.107710546885227,-0.314949030465208,-0.261463327655763
111,108,11.742743298588,-8.937443558152,-7.187671419627,0.10827333860659,-0.717903482871419,-0.687671050305354,5.03470965964778,-0.0748936542789643,NaN,NaN,NaN,0.0206808546829638,-0.600554592552432,-0.636536415063442,0.0408263900899306,-0.270698290233055,-0.259298613256302
112,109,17.960154516719,-6.949436324436,-7.483651749409,0.247926996640516,-0.571532502457309,-0.78222938002334,6.03612660596696,-0.0748936542789643,-269.739875,269.664981345721,0.999722348598705,0.478674250860556,-0.374631408631954,-0.512157305199124,0.112079757192418,-0.258371314826479,-0.353620542215145
113,110,14.078735295308,-7.869931926417,-7.779079130012,0.135740717191836,-0.635589559832812,-0.760000242847183,4.62445538458697,-0.0748936542789643,-237.621821,237.546927345721,0.999684819963235,0.217518789939655,-0.349352724149341,-0.462688299346574,0.047012760720625,-0.220131589924622,-0.263220279837599
114,111,26.754927826731,-3.166576499078,-4.81534690522,0.645377596765758,-0.594425523043321,-0.479735401182286,8.02780689746111,-0.0748936542789643,NaN,NaN,NaN,1.16966327703868,-0.210661082777149,-0.105904129986743,0.388021530566931,-0.357387523854555,-0.288432176088464
115,112,23.753238189824,-4.966908313304,-5.917331716631,0.569310988586492,-0.695978265218376,-0.437606275798567,8.11432192688846,-0.0748936542789643,NaN,NaN,NaN,0.95355671155594,-0.269154299968735,-0.305601176764848,0.345976676059889,-0.422953801415339,-0.265938244226835
116,113,22.702022566112,-3.139816538379,-8.074880628006,0.392800647918663,-0.415796349001282,-0.820256695889697,4.67808231296195,-0.0748936542789643,-597.603062,597.528168345721,0.999874676588791,0.331719065875878,-0.576676906402189,-0.92385561064789,0.137621116286195,-0.145677859750196,-0.287384052770049
117,114,28.981461361526,-0.472839552982,-4.324794985698,0.776473219654015,-0.440104611088998,-0.450995865234183,6.36619110984527,-0.0748936542789643,NaN,NaN,NaN,1.22857097008891,-0.117394419035048,0.147143907291817,0.370212582387087,-0.209836296304362,-0.215029108136714
118,115,19.736618042718,-4.64323804525,-8.467067136115,0.216403808378159,-0.435338426651842,-0.873870611703888,6.15479471798549,-0.0748936542789643,NaN,NaN,NaN,0.299625522356863,-0.622495748364581,-1.08752058409634,0.099752432155948,-0.200671453958792,-0.402815087037382
119,116,15.741095726983,-4.544609534125,-9.354589892608,0.169955058874528,-0.39173337697209,-0.90424567421083,6.11668588709983,-0.0748936542789643,NaN,NaN,NaN,0.185202768263551,-0.383776840056294,-1.09376211456496,0.0778565753148111,-0.179453435334744,-0.41423580976935
120,117,11.745048555362,-4.262047414671,-9.616159420263,0.0248203910547805,-0.281371037814724,-0.959278003118467,4.78223331382434,-0.0748936542789643,NaN,NaN,NaN,0.0262947167198587,-0.157992761153053,-0.78035789410398,0.00888964466480616,-0.10077554941097,-0.343573981717969
121,118,19.746486153894,0.3477912142594,-9.49363823917,0.128567509429791,0.0873498381135338,-0.98784634498517,4.9089133234062,-0.0748936542789643,NaN,NaN,NaN,0.182562661213437,-0.146731659684037,-0.232465923632212,0.0472673893694224,0.0321138585306662,-0.36317820911879
122,119,15.745363738602,0.8507382213017,-9.494346204363,0.0276160428535415,0.425056392499096,-0.90474549867505,5.18887098796434,-0.0748936542789643,NaN,NaN,NaN,0.116380834667524,-0.353355335738782,0.367555903044537,0.0107319673420558,0.165182656582072,-0.351596323779872
123,120,11.745156109787,1.3465661604488,-9.482670019663,0.0511083823810138,0.358167480829201,-0.932257469225568,3.42112387028556,-0.0748936542789643,NaN,NaN,NaN,-0.00238325418837378,-0.150871875319691,0.107086209839555,0.0130950136721489,0.0917698396989348,-0.238863445421955
124,121,25.003364442936,-1.2309509837,-7.820838234858,0.445577596078839,-0.250712737674587,-0.85942057750575,5.05330377809874,-0.0748936542789643,-285.894055,285.819161345721,0.999738037035156,0.415436363623702,-0.30333144930716,-0.463425596868763,0.168633469059983,-0.0948848395064068,-0.325256643605317
125,122,26.764024323436,-0.667598149663,-6.915429218772,0.636217612173077,-0.397559807546318,-0.661190857003122,6.06047261678361,-0.0748936542789643,NaN,NaN,NaN,0.560973962621685,-0.256415025467259,-0.243938438248237,0.288773410624536,-0.18044879512256,-0.300108540218483
126,123,29.252571741026,-1.660464093804,-1.727182331294,0.890589537909108,-0.406378293766413,-0.20422281293318,4.72169231659886,-0.0748936542789643,NaN,NaN,NaN,1.63131937149252,-0.096589496491437,0.0640703237324003,0.314934540074655,-0.143705439594677,-0.0722182497392276
127,124,29.252861695101,-1.660614612171,1.6581727665484,0.880931597074473,-0.419205257998197,0.219605266199342,4.81286860781822,-0.0748936542789643,NaN,NaN,NaN,1.61176580390139,-0.111777262690866,-0.0482872904972756,0.3175347167477,-0.151103926002498,0.0791574467648663
128,125,26.758847417861,-4.572661378894,1.9626596810126,0.62949551024699,-0.74671607020201,0.214826704766768,6.08082961740731,-0.0748936542789643,NaN,NaN,NaN,1.37095938157138,-0.283699540593438,0.0778368767767036,0.286682044711207,-0.340066110622832,0.0978354221413644
129,126,23.765602945288,-6.88500690367,2.1643461255316,0.568847309560988,-0.776132121330302,0.272087612074771,8.78468470711841,-0.0748936542789643,NaN,NaN,NaN,1.24611626189338,-0.244946560339067,0.0751562959766157,0.374254394664386,-0.51063062506568,0.17901110340367
130,127,19.754085290547,-9.177644230308,2.3610451624641,0.37397689351909,-0.912798523694124,0.164134512688949,6.07934103782324,-0.0748936542789643,NaN,NaN,NaN,0.677646242415629,-0.730948588596041,0.148176469350536,0.170273200183357,-0.415600879213433,0.074731110986825
131,128,25.003364460481,-1.230950996427,7.7517793713904,0.458666385935823,-0.303469111445162,0.83518359946257,4.65986434317574,-0.0748936542789643,-353.338104,353.263210345721,0.999788039689376,0.474101067218197,-0.280409792117454,0.388027320228724,0.160071940122556,-0.10590898074465,0.291474289862653
132,129,26.764023522006,-0.667597681567,6.8463711952152,0.637610572572992,-0.39396850438073,0.661998168652416,6.0960336566186,-0.0748936542789643,NaN,NaN,NaN,0.5894543119827,-0.253880929048677,0.210114344980329,0.291103808560936,-0.17986798997935,0.302238068884942
133,130,22.702022562,-3.13981748729,8.0058212475898,0.402108937315701,-0.472501702621385,0.784251581796766,6.60958471068854,-0.0748936542789643,-424.768234,424.693340345721,0.999823683485995,0.350976971043746,-0.562786308512655,0.908824548141761,0.199050338513501,-0.233895880262794,0.388217043566566
134,131,28.981461376678,-0.472839559758,4.2557360972662,0.77835493807273,-0.433591537797167,0.454050623530554,6.3232068278758,-0.0748936542789643,NaN,NaN,NaN,1.22112003177605,-0.125840147240564,-0.14171192851455,0.368604042763513,-0.2053351060325,0.215023875697462
135,132,19.736617708259,-4.643237504487,8.3980087097763,0.243042146249725,-0.29832976066034,0.923000470774892,7.54943471818465,-0.0748936542789643,NaN,NaN,NaN,0.353367234254433,-0.542208771904504,0.919289432592213,0.137417184859785,-0.168677064872996,0.521868853922222
136,133,15.741095514528,-4.544608848814,9.2855312914609,0.0769320120782241,-0.230777455225574,0.969960427892398,7.00541336079512,-0.0748936542789643,NaN,NaN,NaN,0.205137963446684,-0.338548480402162,0.912236718054666,0.0403632268755394,-0.121079931895686,0.508900414193092
137,134,11.745048529564,-4.262046924625,9.547100679362,0.0385446288170798,-0.295969699047351,0.954419325472391,5.81442771172644,-0.0748936542789643,NaN,NaN,NaN,0.0241898345882504,-0.144939628039435,0.768851435088302,0.0167847881781217,-0.12888407174,0.415615007921966
138,135,14.078733534356,-7.869932572826,7.710020081367,0.158663482562937,-0.645977596249615,0.746685237864369,5.66615700636591,-0.0748936542789643,-422.98511,422.910216345721,0.999822940211113,0.18509713198223,-0.464975844856054,0.624706416745669,0.0673303091523918,-0.274126538497936,0.316862753122747
139,136,17.960154525797,-6.949436345805,7.4145928785526,0.251068052202959,-0.627338196562238,0.737164581553571,5.70870559907633,-0.0748936542789643,-586.723741,586.648847345721,0.999872352780286,0.399075394826312,-0.565785439494431,0.747144190811671,0.107343097138077,-0.268215825873255,0.315171638088336
140,137,26.754928112762,-3.166576785638,4.7462872607252,0.663492484334468,-0.546557761390623,0.510932810353129,5.28339407264176,-0.0748936542789643,NaN,NaN,NaN,1.12121298232843,-0.265482255941486,0.12544827288701,0.262539125321266,-0.216268910350924,0.202172377675987
141,138,23.753238483734,-4.966908677622,5.8482721884338,0.516118563461051,-0.668007708832551,0.536085188557926,7.87793357398279,-0.0748936542789643,NaN,NaN,NaN,0.913868958662852,-0.331883973408564,0.342763056037999,0.304513685797268,-0.394129380260006,0.316294139033457
142,139,11.742743325976,-8.93744381708,7.1186123272139,0.116648478792136,-0.720557536512132,0.683512961816416,5.14928838173659,-0.0748936542789643,NaN,NaN,NaN,0.0171707898023349,-0.637550169473438,0.685405394014757,0.0449853719791293,-0.277882310579678,0.263596106509542
143,140,17.259670249062,0.7399864756325,9.4242521356718,0.0505940950108667,0.138377929399711,0.98908633910548,4.08075040723159,-0.0748936542789643,-81.041873,80.966979345721,0.999075864716516,0.150024328508749,-0.222957057832013,-0.0958968813473585,0.0154626841995954,0.0422913824635478,0.302286851942645
144,141,19.746485818506,0.3477904026165,9.4245795801461,0.147478598613364,-0.0331318712896709,0.988510162849064,7.5826709305056,-0.0748936542789643,NaN,NaN,NaN,0.213928532561322,-0.133897153089946,0.224709700454908,0.0837522017214398,-0.018815388766583,0.561368926346211
145,142,15.745363629618,0.850736957896,9.4252877743033,0.029938360265387,0.454172756284386,0.890410468286208,4.62397416672272,-0.0748936542789643,NaN,NaN,NaN,0.11312767145498,-0.300922720668748,-0.294132062511569,0.0103678434492996,0.157282897070935,0.308354774910036
146,143,11.745155951144,1.346565006326,9.4136115187771,0.0510567606514679,0.358152564736324,0.932266028322695,3.42210682267696,-0.0748936542789643,NaN,NaN,NaN,-0.0035344760426525,-0.132833751441852,-0.0681544171960952,0.0130855457686939,0.0917923839709471,0.238934268969616
147,144,26.94095289758,-4.838453627963,-0.033536563491,0.673249022844391,-0.738911273848258,-0.0273108516713961,5.51418387226779,-0.0748936542789643,748.127713,-748.202606654279,1.00010010811387,1.45390715374419,-0.22102150568314,0.00078298747083635,0.278036617919034,-0.305153642340302,-0.0112787639841231
148,145,24.138666438976,-6.93874765518,-0.033536563504,0.597801387852724,-0.801643736062891,-0.000906152573244024,6.32946041468169,-0.0748936542789643,1721.73879,-1721.81368365428,1.00004349884821,1.24773095553976,-0.319824177383737,0.00212612345455259,0.28337962981032,-0.38000832681444,-0.000429549321857417
149,146,18.429254777268,-9.959433626571,-0.033536563525,0.352112466239934,-0.935481677609684,-0.0298469759775208,5.98474948584682,-0.0748936542789643,5211.728809,-5211.80370265428,1.00001437021323,0.360492676377089,-1.37040073791056,0.0180930555201725,0.157823764737558,-0.41930137203027,-0.0133780043777091
150,147,14.611785826102,-11.15670859888,-0.033536563716,0.232045518424656,-0.969961965283712,-0.0729976936758358,5.60066778657509,-0.0748936542789643,1437.259783,-1437.33467665428,1.00005210864115,-0.0592743641748293,-2.10764890830181,0.00516257869361953,0.0973325315568731,-0.406854888798888,-0.0306192094185574
151,148,15.756608489066,-10.60264896332,-2.464406212461,0.303522528146403,-0.939141502696262,-0.160895347418819,6.88939702190053,-0.0748936542789643,NaN,NaN,NaN,0.301664685779159,-0.954123103804123,-0.138944252515698,0.156609161935675,-0.48457083095107,-0.0830175133045032
152,149,11.737468268562,-11.51165743305,-2.586527927404,0.176133396605274,-0.969129539804217,-0.172525249396013,5.72705958260088,-0.0748936542789643,NaN,NaN,NaN,-0.0386236655105171,-1.16751255894833,-0.189557225249611,0.0755472105209399,-0.415679449648781,-0.073999602503027
153,150,26.752859526186,-4.565791238715,-2.064112499464,0.607712910570351,-0.740809840688126,-0.286156946911559,8.48913661783828,-0.0748936542789643,NaN,NaN,NaN,1.26679887226222,-0.376408649177954,-0.0855106291134812,0.386373211069154,-0.470993905114946,-0.181933568507206
154,151,19.74470497762,-7.30058417957,-6.290288024732,0.358900709981797,-0.790607280499647,-0.496115317638465,8.98707680178093,-0.0748936542789643,NaN,NaN,NaN,0.661001398149798,-0.395815303401106,-0.394415987959883,0.241567103615335,-0.532138013483404,-0.333922828815815
155,152,12.265990686218,-0.249962093716,-9.796708289038,0.018501321091009,0.122459454401444,-0.992301054693377,4.46193422503327,-0.0748936542789643,35.201775,-35.276668654279,1.00212755334863,0.000798637225109251,-0.0164957809146339,-1.18976903231242,0.00618259681612604,0.040922344364632,-0.331597798406254
156,153,11.737470581794,-11.5116505761,2.5175037871282,0.151758275389119,-0.968685332713811,0.1965150173296,4.51896298722855,-0.0748936542789643,NaN,NaN,NaN,-0.0179406089667478,-0.982702625693132,0.145042936525753,0.051361321376515,-0.327843463947255,0.0665088670419924
157,154,15.75660168892,-10.60266178046,2.3952982983475,0.298926904996709,-0.907933820009137,0.293766716890639,7.63360125817285,-0.0748936542789643,NaN,NaN,NaN,0.359314802867069,-0.847083975391239,0.0913730837408218,0.170898990746789,-0.51907329487838,0.167948868410358
158,155,12.265990587748,-0.249962087824,9.7276494409661,0.0185713002195663,0.118328436697937,0.992800829913421,4.70678015563079,-0.0748936542789643,46.281712,-46.356605654279,1.00161821270309,-0.00423000100051119,-0.0611315611692654,0.908586505085165,0.00654653126160002,0.0417117165099273,0.349970200940645
159,156,19.744704255248,-7.300584408461,6.2212293309665,0.35173889411152,-0.699105623567766,0.622519941419654,5.9937114386807,-0.0748936542789643,NaN,NaN,NaN,0.623309755850122,-0.488212204810503,0.476056658199718,0.157892407151481,-0.313822189147086,0.279443569352285
160,157,17.259672164338,0.7399865902542,-9.493310903205,0.0648605585462073,0.258862765136893,-0.963733976142149,0.961773181756162,-0.0748936542789643,-9.418593,9.34369934572103,0.992048318227684,0.145606174462442,-0.284895251808709,0.185044158649065,0.00467195196433483,0.0186460682914543,-0.0694184407882624
161,158,23.747320479777,-1.358324898252,-8.396166505888,0.342820881890955,-0.294593150230792,-0.89201385570887,1.2385413318699,-0.0748936542789643,NaN,NaN,NaN,0.418209194568617,-0.261842285643184,-0.384129271456307,0.0317996832111957,-0.0273261325326942,-0.0827422118369146
162,159,23.747319688874,-1.358324301377,8.3271082052576,0.385374873013666,-0.211153192170942,0.898276425542673,2.22010153375189,-0.0748936542789643,NaN,NaN,NaN,0.460952290329307,-0.239265861646113,0.344424204871015,0.0640768646467743,-0.0351087615252797,0.149357783720489
163,160,15.738665092575,-8.436976193348,6.7218684758123,0.218690978303048,-0.727062079565227,0.650811023621407,3.05846114631888,-0.0748936542789643,NaN,NaN,NaN,0.288656970047028,-0.644435701971283,0.657401999056359,0.0500932093428628,-0.166540354062747,0.14907433814546
