NodeID,X,Y,Z,U1,U2,U3,UR1,UR2,UR3,FX_from_KU,FY_from_KU,FZ_from_KU,MX_from_KU,MY_from_KU,MZ_from_KU,ForceMagnitude,MomentMagnitude,IsFixedNode,IsExteriorSurfaceNode
2,7.74475,-3.34361,6.27268,NaN,NaN,NaN,NaN,NaN,NaN,NaN,NaN,NaN,NaN,NaN,NaN,NaN,NaN,0,0
3,7.74475,-3.34361,0.0345294,NaN,NaN,NaN,NaN,NaN,NaN,NaN,NaN,NaN,NaN,NaN,NaN,NaN,NaN,0,0
6,15.133863449097,-3.343611240387,5.626212120056,NaN,NaN,NaN,NaN,NaN,NaN,NaN,NaN,NaN,NaN,NaN,NaN,NaN,NaN,0,0
7,10.312744967552,-3.3435787600887,8.696246690073,-4.58405645595806e-38,-7.17184946405011e-38,-2.57602434306927e-38,2.63431919996426e-39,-1.19720214559284e-39,-5.96831232835976e-40,-0.020080465628599,-0.0246711231303458,0.0451724855128937,0.00323114835034854,-0.00381088918919921,0.000644769539067063,0.0552489173087276,0.00503774987795387,1,1
8,12.782398274315,-3.3435896104061,8.421323067363,-8.36787283737476e-38,-8.48124685144881e-38,-4.23913945065068e-38,-3.23018774075524e-39,2.00195804456533e-39,1.35053362485772e-39,-0.0412875055709991,0.00028918051502359,0.0409932984565557,-0.00458071777987637,0.00519781359442798,-0.000705790541752005,0.0581824050722708,0.00696407795979643,1,1
9,15.239182217551,-3.3430934061617,8.04796460126,-1.61507775544528e-37,-1.28628011058079e-37,-4.85147016554086e-38,7.3463366264906e-39,-4.27380757465808e-39,-3.59053724605023e-39,-0.112993331230063,0.035032833629073,0.0773625238784397,0.0109368654875457,-0.0115467868000168,0.000806955384558598,0.141349752158931,0.0159246503600669,1,1
10,17.707956777222,-3.3435255119312,7.780026390772,7.13681307880629e-38,5.1236707106778e-38,3.72384248870176e-38,1.90336899045852e-38,8.09329036510816e-39,5.21083063437973e-39,0.0341298105463118,-0.020988049342526,-0.0127835736249343,0.0138228749262381,-0.0110746026080745,-0.00255928979836701,0.0420566515280943,0.0178960514758205,1,1
11,20.19272278083,-3.3432897586999,7.777286549074,3.01563128950646e-37,1.03760747876374e-37,9.03737008363646e-38,2.61681642162546e-38,2.12072369461071e-39,8.66686284603327e-40,0.211189451633736,-0.19951487039878,-0.00827062197968394,0.0253014815525792,-0.0240795746664928,-0.000811009346627277,0.290646815189039,0.0349377821424747,1,1
12,22.676635591442,-3.3080002668852,7.745106730184,7.36730672169759e-37,-3.07537301509184e-37,-3.13724157543443e-37,1.50965653054582e-38,1.30694973937106e-38,5.35528348657465e-39,1.05045401242198,-1.03895937844649,0.00623387241499543,0.00974130700211033,-0.00224602224181974,-0.00745694401414613,1.47747388587435,0.0124717156819029,1,1
13,25.132403397042,-3.2120056181077,7.397060346408,4.44573394823293e-37,-3.04959567021469e-36,-1.19024946313224e-36,3.32247865891414e-42,-5.00272239814439e-39,-1.89092475944609e-39,1.63481657877095,-3.4425104332483,1.86643411007598,0.00189423727901215,-0.00492140329062665,0.00311114202866727,4.24347494590258,0.00612270772948784,1,1
14,27.429128498188,-3.1222279050356,6.476090723632,3.79607000781202e-37,-5.89898314288923e-36,-8.32249049741301e-37,3.8704547418302e-38,-2.27163681298587e-38,-3.70963752616889e-38,1.21184405376959,-6.17873385238169,5.07231382960102,0.0758008756248235,-0.0610310497477219,-0.0137283589809584,8.08539953342974,0.098280362326911,1,1
15,29.200680530988,-3.0529789915352,4.763358762979,2.48220628984395e-37,-5.23752865476872e-36,4.43364242404396e-37,1.0336500157187e-38,-1.4859382928685e-39,-1.57290483738235e-38,-0.195154428404647,-5.39710254171159,5.68434181974239,0.0260655454087027,-0.0117958195883754,-0.0140684132200264,7.8408254042765,0.0318821935842573,1,1
16,30.180745754188,-3.0146689189496,2.491621103161,5.51993392615915e-37,-3.69066196072331e-36,1.14749820116711e-37,7.83388479598928e-39,-8.87004411686805e-39,-3.22065442704275e-38,0.437236039892603,-4.18013589902296,3.81422210968168,0.0400404127784068,-0.016552741353705,-0.0232051626726834,5.67564990030798,0.0491498471661261,1,1
17,30.51228461246,-3.0017662564652,0.034721747776,6.4680304947614e-37,-3.71178376610724e-36,-5.9615536977105e-37,3.48203050206216e-40,-5.22725945757547e-39,-8.57796447145651e-40,1.24295080846451,-4.29569644812124,3.12604135618446,0.00120598841767924,-0.00548697594134663,0.00437460857003896,5.45619549202918,0.00712028884144116,1,1
18,30.18077596629,-3.0146680914026,-2.4224472454579,2.9590038096282e-37,-3.94603746272112e-36,-1.33149514671628e-36,-1.2030818538193e-38,8.61045217505341e-39,-4.14895944849845e-38,1.62738758493646,-4.17513441331117,2.61898610239985,0.0294587903463845,0.020493871353581,-0.0503022755241848,5.19030114014438,0.0617910836176253,1,1
19,29.20072966945,-3.0529777509529,-4.6942255951501,-2.70321706576747e-37,-5.23989915851329e-36,-1.26899364788333e-36,-4.09630509818206e-39,4.35436401947672e-39,-3.39924319008832e-39,0.998661330601042,-4.88096487151851,3.96558535288616,-0.000697054411230106,0.00837641159015941,-0.0078222797690631,6.36765339204803,0.011482082422865,1,1
20,27.429171841548,-3.1222271373552,-6.4070047766191,-1.29351215590323e-37,-5.08659522317102e-36,4.16503705024709e-37,-1.94695637919135e-38,4.90626401835259e-39,-1.75907098174391e-38,-0.545865516492026,-4.87120517599588,5.50018222203615,-0.00187884372480791,0.024290031672743,-0.0228256314473762,7.36740208651236,0.0333848040787505,1,1
21,25.132412775975,-3.2120063105588,-7.327998451261,4.89159707574201e-37,-2.29174260972084e-36,9.51813484752903e-37,1.48061041597729e-38,-3.3740660605798e-39,5.90849930470852e-39,-0.462658308472108,-2.7420591679796,3.25150179900192,0.00889759578579112,-0.0181209703403625,0.00953256856185602,4.27845826671384,0.0223250227375049,1,1
22,22.676600061344,-3.3080027648722,-7.6760487413424,3.88578987960051e-37,-2.69493214083088e-37,2.34567789256866e-37,-1.72216918798438e-39,-8.30395036584704e-39,4.35553690629136e-39,0.154010729290274,-0.653457352962849,0.510595876533388,-0.00607772371664898,-0.00644153790983083,0.0126291544900046,0.843465450395353,0.0154249045167906,1,1
23,20.19267148142,-3.3434648067526,-7.7080524553956,2.74165008638494e-37,2.10550564934008e-37,-1.20694621459437e-37,4.29217719622691e-39,6.09721637279453e-39,-3.90001541319483e-39,0.394860140263835,-0.0671373388934162,-0.326576471527502,0.0081922051004645,0.00170249728380847,-0.00992373477596016,0.516792167508582,0.0129804173011908,1,1
24,17.70790382462,-3.3438091948009,-7.7106787615162,6.26328453406136e-38,3.31396593889918e-37,-2.43755845448527e-37,4.15689444118253e-39,-7.11551894734241e-39,4.77566580407444e-39,0.306389436791433,0.26316581196017,-0.574044934447224,-0.000618785968465951,-0.0111514332403398,0.0119604862577872,0.701896230454719,0.0163643084458599,1,1
25,15.239038691245,-3.3438095747513,-7.9782743163925,-9.55322560315327e-38,1.10677478623568e-37,-5.54861278842615e-38,1.61447968126071e-38,-1.61955070014341e-39,3.17034388853779e-39,-0.040045932427367,0.204323654194191,-0.16776383999777,0.012974449029788,-0.0177346356539728,0.00506280174628105,0.267388366198012,0.0225496250728893,1,1
26,12.782385645802,-3.3433284467167,-8.3524583898694,-1.57718989598238e-37,-2.08468594148429e-37,8.21754041708322e-38,-1.01078180568985e-38,-3.21648023917722e-39,5.14744570094292e-40,-0.239894795284013,-0.0472452085852871,0.287945585560198,-0.0106225679392136,0.00694430896915174,0.00355975397458474,0.377748967943304,0.013180827934611,1,1
27,10.312744143487,-3.3435435277666,-8.6272096464507,-9.8507459299824e-38,-1.10130736804339e-37,4.20748047496558e-38,-4.47058911540629e-39,-1.76547071183048e-39,7.80097249895768e-40,-0.140582479653888,-0.00977413494703181,0.150523086594545,-0.00525068911774363,0.00273434722762057,0.00246967715611883,0.206194488038714,0.00641449111214933,1,1
28,10.312744140598,-1.0344910744893,-9.5458561690637,-4.78498449491414e-37,-2.36244504526563e-37,3.82080253334378e-38,6.70826517984955e-39,-6.60420195329186e-39,1.01989725220028e-39,-0.516706929983303,0.246182324468268,0.266323167519043,0.00568835468958866,-0.0131997735999879,0.00773664569423286,0.631284260797579,0.0163232070612241,1,1
29,10.31274414063,1.441228007181,-9.8268722358449,-7.5177290492986e-37,-6.74436700034177e-37,-2.32428836070533e-38,-4.74630299605298e-39,7.1899264944996e-39,2.69295933680086e-40,-0.728531350137322,0.0886391307160773,0.638378428521562,-0.0050155836238061,0.0118139093583674,-0.00699990389865024,0.972698227421367,0.0146192745375909,1,1
30,10.312744140627,3.924721513293,-9.6217578073564,-5.54073009220075e-37,-8.15113478862478e-37,-1.96001566812575e-37,-1.30436476409392e-38,-2.9376484694474e-38,-5.25361507909249e-39,-0.358073089728981,-0.247329355222762,0.609621456062389,-0.00779009024529176,-0.0158376972761771,0.0238980014218994,0.749017000631223,0.0297091338312433,1,1
31,10.312744140383,6.308438099984,-8.9005470883921,-2.86507053603796e-36,-2.09938545027118e-36,-1.14266378872752e-36,-1.61016774575613e-38,-4.53669817305774e-39,-1.74813104463292e-39,-1.7224109331922,0.80079324988583,0.907950668006142,-0.0143535582564248,0.0116394324315596,0.00251549806680079,2.10531319935432,0.0186501676258821,1,1
32,10.312744140625,8.445301342666,-7.6226922452179,-9.23438558517627e-37,-2.84984162790163e-36,-2.4839695493068e-36,1.15254570626158e-38,-2.4354970883923e-38,-2.03881976118878e-38,1.5605249043421,-1.87832039072443,0.34984567522232,0.0319136139103176,-0.0354667444048855,0.00415833377254549,2.46692469762554,0.0478921752613325,1,1
33,10.312744137179,10.19809192298,-5.8554331836703,-5.77663243327349e-36,-4.23515605237367e-36,-7.18101133277607e-36,-1.60228530176446e-38,8.24881207387279e-39,1.00965193873806e-38,1.40437044399505,1.61230245775736,-3.04417898333667,-0.0261193622847786,0.0241298251906568,0.00157777941576159,3.72005392996472,0.0355943666579415,1,1
34,10.312744140651,11.35882976307,-3.6581977438476,-2.65900639068811e-36,-2.57604288505055e-36,-9.04423014587375e-36,-5.2968339263292e-39,6.57865488098875e-39,1.70700966093762e-38,6.38521856061623,0.126165331517238,-6.51352394289287,-0.0223669364387625,0.0117634326715549,0.0104027278054006,9.12211203134195,0.0273290127825193,1,1
35,10.312744140639,11.82388646346,-1.2125136469771,-2.87207855297231e-36,-3.33361421729074e-38,-5.29253668203773e-36,4.86462583578364e-39,-3.83009902761581e-40,-6.14903779130373e-39,2.42045813526868,2.83889476530551,-5.30778571625493,0.0110136754047477,-0.00524046282821547,-0.00568376634928318,6.4877215016327,0.013456176889752,1,1
36,10.31274414064,11.82379366388,1.280831410364,-2.03759773924479e-36,1.96186000111255e-37,8.08105013512616e-37,-2.38849641686008e-38,2.63466812328188e-39,-7.48889772575869e-39,-2.8457022400829,2.23017271756492,0.577472351227026,-0.0163960676904631,0.026471638363217,-0.0105272703697344,3.66130658451534,0.0328694705582654,1,1
37,10.312744140652,11.3588557941,3.727178812075,-1.10368966511584e-36,-1.39382848973352e-36,4.74069682689195e-36,-1.57817596168575e-39,-4.29911222232686e-39,1.28247816363932e-38,-5.84438930061098,-0.266714960778787,6.11564332768332,-0.01440296043505,-0.00264843164593756,0.017096550638598,8.46339863641296,0.0225111417572491,1,1
38,10.31274413718,10.19808578538,5.924500170208,-4.95904074126127e-36,-5.3316151967798e-36,8.53192798295084e-36,1.57758531438304e-38,-8.59018799796081e-39,1.15788885730605e-38,-13.4909789352724,-0.283081033697858,13.778862946482,0.00419697429228358,-0.0242184587379867,0.0204347070022379,19.285842258028,0.0319644425435665,1,1
39,10.312742427756,8.445252473438,7.69178923014,-4.00459371222645e-36,-5.13424887736685e-36,4.69970124616758e-36,9.32850273154581e-39,-7.46540916089968e-39,5.99266129047587e-39,-8.70430516537915,-1.04336441603707,9.76545403089753,0.00333584502915585,-0.0166662599355901,0.0136147907536743,13.1231714972514,0.0217773875743978,1,1
40,10.312661965828,6.308417996532,8.969615205704,-5.09875876289067e-36,-3.3329659317796e-36,1.89257980503633e-36,-1.15277019427556e-38,6.9737131479466e-39,-3.25319706153946e-39,-6.99134506620258,1.82145194907788,5.13880138516268,-0.00827448925939676,0.0183817772290283,-0.0104209370247518,8.86588251183517,0.0226925722445768,1,1
41,10.312743010296,3.924623444604,9.690834721805,-1.03434812579805e-36,-1.98183906441441e-36,4.66056085008532e-37,3.67753125601398e-39,-4.18684719585748e-39,1.35861491310148e-39,-1.5004081827309,-0.914109230348352,2.43011085738291,0.00231890777720928,-0.00779301533176652,0.0056070771382663,2.99870958563583,0.00987662570288144,1,1
42,10.312745417721,1.441102301229,9.895929285108,-9.37880407753284e-37,-6.84204176325254e-37,2.19102571752712e-38,-5.84600699839349e-40,-3.65510487539092e-40,-1.20466826381076e-40,-0.959792004058851,0.265117679887251,0.690148938533357,-0.000464134321828561,0.000225190823243815,0.000235097293558209,1.21152533304212,0.000566923551293189,1,1
43,10.312755623951,-1.0346907618356,9.614869206794,-4.1843973898302e-37,-1.46960156300783e-37,-9.51855383576986e-39,-1.61590732413616e-40,-4.87185233196416e-40,-2.26947292789726e-40,-0.408921455764238,0.273906045042422,0.130341213016922,6.53555109994325e-05,-0.000317369009063997,0.000257430646041543,0.509146452708695,0.000413841718841427,1,1
44,14.059468711656,-1.3213382053299,-9.3228367104515,-0.00533025292679667,-0.217876419425011,-0.373844683170319,-0.614804804325104,0.872276663780212,2.42331004142761,1.92435697563519e-09,-2.0481880339332e-08,-1.57975794945475e-08,4.41874918773177e-09,-2.67053597985401e-10,5.60084444101161e-10,2.59378890793167e-08,4.46210226158044e-09,0,1
45,14.055859827227,-1.3082343524453,9.396771506921,-0.030506631359458,0.00270660314708948,-0.00523322867229581,0.18363294005394,-0.509241282939911,0.77730393409729,-2.81910283836569e-08,-9.0837742485958e-08,-2.48475130332215e-08,-3.69931134336365e-09,-6.42925190169619e-09,-1.49607807045649e-09,9.83037560076393e-08,7.56693029064652e-09,0,1
46,12.438589825994,2.454488555049,9.862116025511,-0.0416561290621758,-0.182065546512604,1.41574954986572,-2.04155254364014,-2.78470182418823,-22.9351654052734,5.4287291488108e-08,-4.96734151123144e-08,-6.99594183799224e-09,1.04856527054914e-08,5.85149810550245e-09,-6.09758697337317e-10,7.39155016774944e-08,1.20233418153131e-08,0,1
47,18.851618670862,-1.7551139607917,-8.9401954001253,0.041854489594698,-0.297116756439209,-0.370652914047241,-0.654887855052948,-0.63559478521347,-0.736752033233643,3.97074967582994e-08,2.74338096470719e-07,-1.69763782561019e-07,-1.69797578948583e-09,1.94244205789507e-10,-1.68974769181214e-10,3.25050485837836e-07,1.71738320295229e-09,0,1
48,21.422384684284,-1.5261818649078,-8.9113734708596,0.193249180912971,-0.952533423900604,-1.35668230056763,-1.3500999212265,0.0244707074016333,-1.14531481266022,-2.28555422674987e-07,-4.50310423502805e-08,-1.03005932573438e-07,2.23691691905725e-09,-6.07769649711709e-10,8.15537405727922e-10,2.54706886743603e-07,2.45729170226425e-09,0,1
49,18.758591711762,-1.6180512367974,9.08544869941,0.0240167044103146,-0.160923182964325,0.179012730717659,-0.171025142073631,2.31163883209229,-3.94644284248352,-7.62725017688752e-08,2.6460261984447e-07,1.14501242622772e-07,1.0522885496723e-08,1.41323575108057e-08,4.02296887122566e-09,2.98232418621449e-07,1.80731548582206e-08,0,1
50,21.372984584044,-1.6879999910574,8.917118887271,0.207292214035988,-1.1538450717926,1.54643082618713,1.45383775234222,-1.76677978038788,1.8748060464859,6.14065865933711e-08,1.3537367324571e-06,4.85585730791716e-07,6.16285708576747e-09,-7.57146278312915e-09,-3.35847976891924e-09,1.43950248753839e-06,1.03241097676334e-08,0,1
51,23.992312649158,-1.3807503514847,8.516404667641,0.883963108062744,-1.67473113536835,2.97566962242126,2.95013022422791,0.879235744476318,-3.66404223442078,-2.26770249638791e-07,3.4599333984141e-07,1.79195106131229e-07,1.41798710828756e-08,4.5686090877203e-09,-5.77682281481182e-09,4.50829261913238e-07,1.59785047722589e-08,0,1
52,26.376736019175,-1.0990085341073,7.570497333826,1.7084196805954,-1.39588677883148,3.23470568656921,3.5023877620697,0.0716902017593384,-0.00949336774647236,-1.20689791330286e-06,-1.28235215426063e-06,6.41299035188114e-07,9.53495817024308e-10,4.04502003593932e-09,-9.99178219329711e-10,1.87411154235944e-06,4.27430678335286e-09,0,1
53,23.975904377591,-1.2183761995184,-8.4837637315993,0.687115669250488,-1.27722012996674,-2.33374238014221,-3.00654602050781,0.63786780834198,0.720727920532227,-5.08538616331849e-07,9.57329575261394e-08,-4.8829571920421e-07,7.25499504222737e-10,-7.817669046839e-10,1.63493363118661e-09,7.11483684177346e-07,1.95205455924559e-09,0,1
54,26.347576404538,-1.0982992856336,-7.5175564131394,1.45058047771454,-1.20122587680817,-2.94292306900024,-2.83075523376465,-0.203047186136246,-2.18210673332214,1.2722638105863e-06,-1.90152500080445e-07,9.62888024536035e-07,6.2855224497449e-12,-4.79052908886751e-10,8.32416328575003e-10,1.60684987625146e-06,9.60441638718153e-10,0,1
55,28.449492663278,-1.0535224072735,-5.8683790891648,1.88643538951874,-0.73415344953537,-2.16435647010803,0.248200431466103,-0.377410441637039,-3.56374526023865,1.16831364201098e-07,-9.37539953744376e-07,6.08747408245569e-08,-4.52490305641318e-09,4.8484411069305e-09,-4.20470107689863e-09,9.4675047747469e-07,7.85249259683722e-09,0,1
56,29.716627269057,-0.9354070463398,-3.5364952600241,2.01237487792969,-0.358273327350616,-1.25377583503723,-5.85792827606201,-0.665939688682556,0.852152585983276,-9.87027254970019e-07,2.44187178140981e-07,-2.25306012173465e-06,-2.17751617778705e-09,-9.48192219185628e-10,-5.33564638305339e-09,2.47186773355151e-06,5.84035679680953e-09,0,1
57,30.192489259972,-0.8883863297416,-1.1795539098071,1.81746006011963,-0.207591310143471,-0.491080701351166,-6.42594528198242,-2.43072271347046,-0.609813213348389,3.03201785026297e-07,-3.85137494722521e-07,7.62120769371571e-07,4.11161134490374e-10,-6.8343261952486e-09,-9.01967367461509e-09,9.061403199239e-07,1.13239384146206e-08,0,1
58,30.194631195056,-0.8706002466747,1.158335915549,1.76391267776489,-0.202421367168427,0.144761502742767,4.90895509719849,1.81669998168945,-0.857319712638855,1.74003457607819e-07,-3.4871272468727e-07,-2.51874712738596e-07,-2.17099055648939e-09,9.13555267545441e-09,6.21963425206928e-10,4.64024394332287e-07,9.41054521187074e-09,0,1
59,29.702732326291,-0.878938134692,3.609757052917,1.68653213977814,-0.368258386850357,0.859296679496765,6.13656759262085,0.81189376115799,0.723329663276672,5.14515193379347e-07,-1.39240966113164e-06,-9.026290899352e-08,3.09301313380916e-09,8.30946054325432e-09,-1.24326963099608e-08,1.48717112040642e-06,1.52704224663737e-08,0,1
60,28.429237337565,-0.9832995737268,5.947092336547,1.84000015258789,-0.745449244976044,1.92766010761261,1.43232977390289,0.536222457885742,-0.827662885189056,9.43878392112296e-09,-4.79683005944614e-07,4.08400145007759e-07,4.58311391615673e-09,2.99370733064519e-10,-5.03778893601314e-09,6.30059961651531e-07,6.81717488173081e-09,0,1
61,12.13266880369,7.165499830721,8.481577914303,-0.112758710980415,1.14214551448822,4.24189805984497,-1.27502286434174,-12.3345642089844,-12.6508045196533,6.95289565511842e-07,5.14382128698546e-07,-3.62637158739243e-07,-9.60667324856335e-09,-2.98393851294598e-10,-1.18746311394968e-10,9.37828482790197e-07,9.61203987099632e-09,0,1
62,12.243619942528,10.67684835374,4.842202747855,-0.37230971455574,-1.0869152545929,1.74472963809967,-9.0615873336792,-31.0347137451172,-17.395528793335,-4.38789154929078e-07,3.52939669823193e-07,-5.87496523676151e-07,4.31847352530546e-08,-2.94743438904697e-08,3.96191827539694e-08,8.13790205366126e-07,6.55998319261757e-08,0,1
63,12.212518550223,11.64363503317,-0.135745028481,-0.511368870735168,-0.993424534797668,-0.565218031406403,13.0801916122437,60.5878372192383,-0.539478063583374,-2.62909983946708e-07,1.35428635819612e-07,8.0869237587336e-07,-4.47347308640822e-08,7.72343680330301e-09,3.40459986591934e-09,8.61072548543106e-07,4.5524047730661e-08,0,1
64,12.131919288536,10.6596791613,-4.8401141616669,0.00980890262871981,1.6764965057373,-3.33687686920166,6.82401180267334,16.6350021362305,-4.24086475372314,1.95625316477127e-07,-9.57391726841283e-07,-1.30051947357102e-06,1.5761572602635e-08,-3.22333701483629e-08,-5.91414626577302e-08,1.62672034603626e-06,6.9174633553964e-08,0,1
65,12.373636072295,7.169680078251,-8.3950244927024,-0.0485513918101788,0.417453676462173,-2.33921599388123,5.24490356445312,18.7518157958984,-29.3791694641113,-8.13795856782068e-07,-9.48962978475354e-08,-2.67992645242021e-07,-6.56289989020564e-09,-4.84043134879597e-08,-2.95536103020466e-08,8.62026137518256e-07,5.70917253294624e-08,0,1
66,12.655199310326,2.583044891673,-9.7825068403003,-0.0617840476334095,-0.145952045917511,-0.677887558937073,2.30204439163208,1.57004237174988,-13.1445684432983,1.41218202226828e-08,-4.78345296105352e-07,-5.0677684391813e-08,9.23307676966916e-09,-4.6331036229752e-09,2.31983529743818e-11,4.81229545859183e-07,1.03303385220142e-08,0,1
67,15.036984756556,1.05116158228,-9.7760058510646,-0.0702311098575592,-0.349431037902832,-0.732449233531952,0.541848301887512,-1.49698054790497,-3.62737107276917,1.37199310929186e-09,4.5142516801348e-07,-6.01200195286811e-08,4.40991139265268e-09,-4.58048627152707e-09,4.68874408049436e-10,4.55412978986348e-07,6.37557967444683e-09,0,1
68,22.346387928092,1.030573575768,-8.9387662447648,0.901603579521179,-1.43736028671265,-3.5961058139801,0.13990093767643,1.26628386974335,0.284965932369232,2.09022036715221e-06,2.69411453370427e-06,1.55088893149559e-06,8.19928647546875e-09,-1.92397217047002e-08,-9.99698031821372e-10,3.74600197301203e-06,2.09378744416893e-08,0,1
69,29.634223044863,1.136970202674,-0.1108557545891,0.628439664840698,-1.16510844230652,-0.376038074493408,-5.01314258575439,-1.86817145347595,1.59163677692413,5.00519141086522e-07,-9.75745788356699e-07,-9.42315120717368e-07,-1.09139038691891e-09,2.71240031476938e-09,2.58558197248349e-09,1.44587587324169e-06,3.9030094261546e-09,0,1
70,22.551872663235,0.41636486513,9.03202352952,1.07833135128021,-1.98081147670746,4.59098100662231,1.90237832069397,-0.726248443126678,10.7132940292358,9.59688505497436e-07,-2.99981536788091e-07,-5.34160472964729e-07,7.90612525447543e-09,5.08472070004373e-09,-5.07171667163409e-09,1.13855977483642e-06,1.06809883032535e-08,0,1
71,17.466433263982,0.547802923867,9.754169665486,0.113378882408142,-0.919128835201263,3.36559557914734,4.32585382461548,-5.05361413955688,15.0720186233521,-2.25811683293893e-07,-8.64966795880925e-07,-8.48503579550797e-08,-1.12487064801714e-09,3.38648928274732e-08,3.14231688152561e-09,8.97974419197808e-07,3.40289649500971e-08,0,1
72,14.852455401088,1.038265348671,9.846469979604,-0.00167254079133272,-0.427288025617599,2.10501074790955,1.61773335933685,2.18117928504944,-9.14279079437256,-1.67024452758042e-07,1.76420408887559e-07,2.72575430351751e-08,4.74526957582478e-09,6.65607277627878e-09,3.2166990945881e-10,2.44467384621122e-07,8.18073099918455e-09,0,1
73,14.399497020672,3.493053661137,9.704905553255,0.0365066826343536,-0.320748567581177,3.08806371688843,0.0491674318909645,-2.16819715499878,-4.53521156311035,4.6664284151024e-07,-2.40680448626573e-08,-2.97337547638943e-08,3.25838274417567e-09,3.04432185016523e-09,-9.95927146307807e-10,4.68208189258391e-07,4.56911638237505e-09,0,1
74,16.760233103306,2.738517730954,9.704833491545,0.234396070241928,-0.648334622383118,5.33918762207031,-0.622952938079834,-3.53880548477173,-19.5778217315674,-4.38409068373967e-07,8.84564812349276e-07,-1.15112471787276e-07,2.72747985446964e-08,-1.20205061182599e-11,-3.67463400333112e-09,9.93935762330753e-07,2.75212229961675e-08,0,1
75,14.027309536501,5.831845504273,9.02547894163,-0.0901095420122147,0.948560178279877,6.78848791122437,2.97796845436096,5.60001134872437,7.50151491165161,6.69010309229182e-07,2.01645720154797e-06,-1.20517852573998e-06,3.56620225711035e-09,-9.15290088165932e-09,4.28063994667438e-09,2.44256621577275e-06,1.07152821447297e-08,0,1
76,15.778254630549,6.890227341897,8.175443177154,0.317577540874481,1.538987159729,10.4850778579712,5.78965950012207,6.40737295150757,14.6720886230469,-4.57101072860733e-08,2.56957832516294e-06,-2.43759770990684e-06,-4.68377204729253e-09,1.43103072308692e-08,-7.55286560724655e-09,3.54213280078519e-06,1.68454264568753e-08,0,1
77,14.338154130974,9.628969571524,5.792663288428,-0.718759298324585,-1.00128448009491,5.34234189987183,0.46410945057869,28.0092639923096,12.4719333648682,-6.83167802037477e-07,2.74084120344131e-06,-3.4781530385275e-06,1.92623052508445e-08,3.99482601599194e-09,-1.23638169979845e-08,4.48067821960475e-06,2.32348662409407e-08,0,1
78,14.374871536922,10.7461410987,3.442449739368,-3.77950692176819,-11.6461782455444,-0.706822276115417,-6.78901767730713,-15.4965467453003,-9.29882049560547,4.76219925823335e-06,-1.20294830638357e-06,-6.29735866959635e-07,1.82940019383127e-08,-1.68574610728833e-08,3.99795384575796e-08,4.95198885954772e-06,4.70872381439372e-08,0,1
79,14.283622177983,11.14742777527,-1.5489430019538,-3.24112057685852,-10.567232131958,-1.53607833385468,-15.4620847702026,-22.619327545166,-7.46754503250122,-1.69204479441576e-07,-2.39957988451556e-07,-3.02143201341004e-06,2.85885516509987e-08,-8.61979464368556e-09,-1.75023151527398e-09,3.03566490307212e-06,2.991102565206e-08,0,1
80,13.924495449955,10.83896036087,-3.46940814108,-1.99962437152863,-6.27736186981201,-2.69732904434204,3.47416996955872,-36.6079940795898,15.0520000457764,-2.15936427257202e-06,4.2669824268371e-07,-1.14720984309424e-08,5.00945018882225e-08,-3.0764190812882e-08,-5.26731848693451e-08,2.20114903198585e-06,7.89326229139812e-08,0,1
81,14.446379455537,9.799271368316,-5.4115904355716,1.84451067447662,8.5426721572876,-11.1230201721191,-2.78042840957642,-12.3248901367188,9.80362129211426,-1.96053898615656e-07,2.92876376051243e-06,4.87989485997709e-06,-2.54127247023561e-08,2.07182977995934e-08,1.53426886750907e-08,5.69468771228801e-06,3.62001731527784e-08,0,1
82,15.054612439153,6.02007954269,-8.7572396858945,0.215455085039139,0.973389267921448,-5.80914306640625,4.61080694198608,-5.5106406211853,3.83090734481812,-6.07301062570398e-07,-3.68307251352729e-06,-2.38101488111986e-06,-4.22835514102271e-08,-2.27690016008086e-08,-1.77430829195746e-08,4.42753538490813e-06,5.11971009457552e-08,0,1
83,17.616023014989,2.586639634652,-9.5865908377174,0.0316235050559044,-0.599580526351929,-2.99050545692444,-3.2150502204895,3.03488683700562,5.31095027923584,-1.55542350216854e-06,6.73053147852085e-07,-2.60386397037821e-07,-1.32776345398034e-08,7.02976788238829e-09,-4.60053850483838e-10,1.71468477764695e-06,1.50307972176523e-08,0,1
84,18.172764869495,5.205407048753,-8.5683429589597,1.36528742313385,0.926639914512634,-8.54796409606934,2.63248157501221,6.09791564941406,-4.10352373123169,-1.16471219361799e-06,-5.37994740662517e-06,-3.67797736074323e-06,6.23780876257696e-09,-1.70581784201401e-08,-4.30528786926621e-09,6.62026480272165e-06,1.86662050992982e-08,0,1
85,17.03870916126,8.85302500553,-5.6171096285782,2.43447518348694,6.70652627944946,-13.0685119628906,2.01736068725586,-10.2799377441406,-0.062608428299427,-2.61492367303884e-06,-2.92634383614043e-06,-6.97001266836139e-06,-8.47859404906615e-09,1.59001838362371e-08,1.71493834688619e-08,7.99889934055019e-06,2.48757664492387e-08,0,1
86,16.796565475311,9.58040135188,4.527287702976,-7.03950357437134,-18.8438091278076,-2.11691069602966,-4.06650590896606,14.4819459915161,-2.86616683006287,-1.93512482436436,-4.70290914223448,-2.32375570335312,-4.38708681604894e-08,1.05363862357155e-08,1.01944741537352e-08,5.59123448398026,4.62557651686186e-08,0,1
87,16.424422886984,10.63134901257,-0.7734440919838,-9.20401954650879,-25.6065063476562,-1.69653809070587,22.1870727539062,90.6894683837891,-16.6219158172607,-1.1173879840486,-3.22676527908648,0.206212430525719,-1.06202061611951e-07,3.96527264803596e-08,5.71929456121001e-08,3.42097846232881,1.26973420981493e-07,0,1
88,19.184299689128,2.371148160686,9.48803923098,0.674944698810577,-1.50541806221008,5.72723531723022,-3.81999588012695,2.33923840522766,23.1805973052979,2.29962959008567e-07,-5.27666093501269e-07,4.46542902238223e-07,2.88762304068158e-08,6.25788737149136e-09,-8.31498988759782e-09,7.28501909596811e-07,3.0694248544192e-08,0,1
89,21.152265232011,2.036977515516,9.126409187514,1.14610052108765,-1.84752631187439,6.18718433380127,0.0665089413523674,-0.759189248085022,-11.6138324737549,-1.05448199652549e-06,4.4740045648502e-07,4.98933835323123e-07,4.36636641426569e-09,-1.51181635404951e-08,1.67951703412828e-09,1.24941363106444e-06,1.58254479231619e-08,0,1
90,21.017640546623,4.026553455443,8.328924717785,2.55202317237854,-0.167751386761665,11.2843132019043,9.04956817626953,0.279751777648926,12.9919948577881,-9.59354165996906e-07,1.01516508421717e-07,1.30965494005153e-07,-8.82078059483149e-08,3.1683963230833e-08,2.03433354606375e-08,9.73559437280421e-07,9.59079863926482e-08,0,1
91,20.489443477683,5.989798996663,7.191010684722,2.93327856063843,0.285065352916718,13.7037982940674,59.3799934387207,117.159675598145,132.243408203125,-3.42961073929171e-07,5.77849196697899e-06,-5.78367803788504e-06,-3.15510788162499e-07,-2.98306333385012e-07,4.39366014237663e-07,8.18287989381399e-06,6.17718560876733e-07,0,1
92,22.670456951828,4.754166686105,6.957482969731,2.45512509346008,-1.50392937660217,9.80608749389648,-5.30941963195801,9.44519996643066,-1.25848722457886,-2.58489433405812e-06,-5.18010442943084e-06,6.10570796805154e-06,-9.91407505257502e-08,-9.65470902808407e-08,1.40188606764791e-07,8.41396638982964e-06,1.96984960144573e-07,0,1
93,24.896020669442,3.096266971583,6.776327959036,0.401495695114136,-3.84701919555664,3.79998517036438,9.50619411468506,14.770791053772,16.1244239807129,-1.86924542135147e-06,-6.84330634588559e-06,6.5727244730196e-06,1.46976309733926e-08,-2.20255743366149e-08,5.12116180018118e-09,9.67086486241599e-06,2.69698457405936e-08,0,1
94,27.980856124517,3.109445101003,2.654385845174,-0.138359352946281,-2.91094422340393,0.744694828987122,6.72142505645752,8.35719585418701,3.0748176574707,2.88710174558421e-06,-3.0780926117864e-06,-4.77475080172714e-08,1.83860036731022e-08,-2.85753821440641e-08,1.29481165303535e-08,4.22046092750677e-06,3.63627737862534e-08,0,1
95,28.736190030104,2.807276234047,0.700627207397,-0.631084859371185,-2.66387319564819,-0.275590240955353,-10.4026260375977,-8.73654079437256,-0.881337523460388,-5.28093826737686e-07,1.1795716004237e-06,5.83868424979678e-07,1.18564318120351e-08,-1.81258528672568e-08,7.32849431139826e-09,1.41815887264186e-06,2.28654399990701e-08,0,1
96,28.382925943644,3.175866192759,-1.1558197985545,-0.736184537410736,-2.98010945320129,-1.1429477930069,2.50721836090088,4.15332126617432,-1.02047109603882,1.66922752825593e-06,-1.96330208246387e-06,-1.30826227961317e-06,4.61936676410257e-09,-5.75584727102729e-09,8.84350898067154e-10,2.8900563662934e-06,7.43306152400207e-09,0,1
97,27.75717029116,3.136966693999,-3.0448218732741,0.627449095249176,-2.21299815177917,-2.48889136314392,18.9086303710938,11.6507587432861,-8.61367988586426,-1.19442441205361e-06,1.7626498927982e-07,-1.94804537636574e-06,1.03604592058271e-08,-2.0223568928876e-08,-1.32040078940077e-08,2.29185510251747e-06,2.62807473189333e-08,0,1
98,25.118514906564,3.275927115389,-6.3768351126112,1.84850966930389,-1.83572018146515,-5.2582368850708,4.11534070968628,4.14060831069946,-10.8792629241943,-1.0682385907651e-06,-3.64373199705781e-06,-4.52397666916848e-06,-8.48451391088911e-09,2.25527940767023e-08,1.16927393878363e-08,5.90629168398949e-06,2.67831225095594e-08,0,1
99,21.004469566246,5.460750271593,-7.2908366879336,2.86916971206665,1.13914287090302,-10.9282112121582,-1.87633526325226,0.192121177911758,-1.10141026973724,2.12976353721958e-06,3.41562793351735e-06,4.24197992997255e-06,6.90768954536569e-09,5.97084498857314e-09,9.05447070098653e-09,5.84780306020851e-06,1.28588725947397e-08,0,1
100,22.112268404076,6.68162180846,5.301534219629,-5.2277684211731,-13.0158710479736,1.10160303115845,-6.32425451278687,4.14021825790405,3.12727427482605,-1.16088863909763,-1.96934064909025,-0.94885320158799,7.95994444108272e-08,-5.3472021199763e-08,2.39541797508735e-09,2.47513381915179,9.59221904930014e-08,0,1
101,21.547433627908,8.155877578537,2.932755136952,-9.65097332000732,-21.6093502044678,-2.02646541595459,-15.9011535644531,-25.96071434021,-4.23728847503662,-3.15736478412695,-5.73328784814306,-1.87075516111338,-4.6690619093237e-08,4.61744092787597e-08,-6.99733412878878e-08,6.80729511645722,9.59601921347773e-08,0,1
102,25.580921183796,4.670171015482,-4.0466930000442,1.29143071174622,-2.55103373527527,-5.10286664962769,28.0382957458496,29.8473834991455,-15.5168876647949,-1.48692911192128e-07,-5.29573540089534e-07,-1.43138400195142e-06,-4.66466669873933e-08,3.81312135755429e-08,-1.27400111293863e-09,1.53343336250527e-06,6.02621279794549e-08,0,1
103,20.703661722618,8.968845669992,0.231326844226,-13.103892326355,-29.4600372314453,-2.2376081943512,-3.20744466781616,5.15627574920654,-4.74229049682617,-2.57918572322773,-5.15450986778699,-0.070726480018979,-1.37163589167266e-09,4.07718242848021e-10,-1.53185042706117e-08,5.76421488209722,1.53851939303222e-08,0,1
104,19.357108292746,8.765121975488,-4.1959857805924,-2.62781238555908,-7.86870956420898,-6.94669008255005,13.4002256393433,5.51114273071289,-3.26942920684814,-1.25693461535233,-2.74339203645014,0.941513604136862,4.83741463244876e-08,-3.7307721455996e-08,-4.22357249322061e-08,3.16109670204879,7.42683012691828e-08,0,1
105,21.523348598515,8.30560318967,-2.320056739454,-10.4678821563721,-22.8150882720947,-1.73778593540192,26.5757827758789,24.9573764801025,-7.17360973358154,-2.86261204070329,-4.98135870784498,1.21518410674234,2.9122000447853e-08,-2.20158982711105e-08,-2.37494454102816e-08,5.87240620913451,4.35525756306626e-08,0,1
106,22.808896202868,7.806804846034,0.088092250448,-11.3409414291382,-23.6635456085205,-1.82645916938782,2.78863644599915,13.9906234741211,10.8788776397705,-2.13996775633046,-3.6148561141826,-0.0680437926179409,-2.00693972131176e-08,1.49831305379204e-08,-8.12789693049876e-08,4.20134224767409,8.50502543000041e-08,0,1
107,21.72919559793,7.173273517029,-4.8693685081939,-0.327965676784515,-4.90062093734741,-7.38960742950439,3.37297320365906,-7.72944784164429,-1.63512432575226,-1.18224689333238,-1.94280834846937,0.76747336519386,2.03614187524459e-08,-1.57710369486086e-08,-6.92203882407538e-09,2.40025568678804,2.66688507725556e-08,0,1
108,23.765602443983,6.885006210794,2.233408899049,-6.24709749221802,-14.2360687255859,-0.807679831981659,-33.1866264343262,-47.0295562744141,-12.4484548568726,-1.23542845669589,-1.84617562006624,-0.563531079952183,7.09088403866472e-08,-4.20619457016172e-08,-3.48263192416487e-08,2.29177118618178,8.94994046522435e-08,0,1
109,19.754084987119,9.17764354003,2.430107976188,-10.5111455917358,-25.1011581420898,-2.6034255027771,-17.2698993682861,-53.3652687072754,-13.1692304611206,-3.24659970386569,-7.64018646771009,-2.30571295279149,-3.4504473916952e-08,2.43094471913397e-08,-3.16131283373267e-08,8.61563527078484,5.27342187417851e-08,0,1
110,15.738664945649,8.436975724604,6.790927909125,-0.481061816215515,-0.470540434122086,8.74814987182617,-12.6660108566284,-24.9178581237793,-20.6023712158203,-0.5241389442374,-1.42310761997847,-0.963791657323073,-4.44714788605527e-09,2.53057997889883e-08,-2.43987058334838e-08,1.79690046736947,3.54324353330346e-08,0,1
111,11.742743298588,8.937443558152,7.187671419627,-0.0224861353635788,2.26349258422852,4.50696897506714,2.37729382514954,10.1941976547241,20.6873340606689,-8.37358596052218e-07,2.50003385826592e-07,-8.48560459676406e-08,1.51344991539126e-08,-5.59204182959405e-08,5.26620711482906e-08,8.77992972548507e-07,7.82907400952396e-08,0,1
112,17.960154516719,6.949436324436,7.483651749409,1.46309041976929,2.36763453483582,13.8837070465088,-18.8336982727051,-24.9932708740234,-34.0820465087891,-1.11129556620848e-06,-3.96924698664591e-08,6.36796768649361e-08,-5.52541131182416e-08,-1.03535928178133e-07,1.11513858584711e-07,1.11382603169631e-06,1.6188899312999e-07,0,1
113,14.078735295308,7.869931926417,7.779079130012,0.0358400382101536,2.49190378189087,8.87243175506592,-3.91298389434814,-22.8958015441895,-29.9365234375,1.6471624749298e-06,-2.87718254528974e-06,1.81063958101108e-06,-3.39687936667943e-08,1.44846583616243e-08,-5.53871992714505e-09,3.77753084832682e-06,3.73411527602131e-08,0,1
114,26.754927826731,3.166576499078,4.81534690522,0.293172657489777,-2.91337943077087,2.12680315971375,8.36375045776367,4.73045063018799,4.31592845916748,4.26450600957953e-07,-2.02470704066581e-08,4.03268527890735e-07,4.54534896012892e-08,-2.56285157706386e-08,-3.10751088537613e-08,5.87278098097156e-07,6.07330464229606e-08,0,1
115,23.753238189824,4.966908313304,5.917331716631,-1.95882391929626,-7.35828542709351,2.88630819320679,22.7919845581055,31.0716342926025,24.1138877868652,1.70092432298478e-06,2.62083617915722e-06,-2.9932154110221e-06,2.32887428350172e-08,4.02795458376293e-08,-7.53313501205069e-08,4.32680763696294e-06,8.85416267452752e-08,0,1
116,22.702022566112,3.139816538379,8.074880628006,2.959223985672,-0.629833340644836,9.99088954925537,2.71056389808655,-2.09086465835571,-8.31295204162598,3.13252565842248e-06,3.55280050308437e-06,-4.00389537311141e-06,6.4555755741047e-09,-1.44868871343462e-08,5.48827074065006e-09,6.20211952272888e-06,1.67828921988714e-08,0,1
117,28.981461361526,0.472839552982,4.324794985698,0.979799687862396,-1.15147721767426,1.06426846981049,-11.4086322784424,-6.67576503753662,-4.56781816482544,-7.24102580184488e-07,1.89530823767195e-06,1.23039600011948e-07,1.97318628267175e-08,-3.03423202101943e-09,-3.37873392979027e-08,2.03264768358614e-06,3.9244582701328e-08,0,1
118,19.736618042718,4.64323804525,8.467067136115,1.78430867195129,-0.0398535914719105,11.0582256317139,29.8258571624756,31.2707996368408,57.8443374633789,1.09371916580652e-06,2.15088148311331e-06,-1.65397163003414e-06,1.47715688396388e-08,-7.1113059683936e-08,3.36943367443276e-08,2.92542901486432e-06,8.00660654224708e-08,0,1
119,15.741095726983,4.544609534125,9.354589892608,0.348598599433899,0.36924609541893,7.86079072952271,1.52404057979584,-4.10185813903809,5.09025096893311,-6.18019091681334e-07,-8.90283928684735e-07,3.18142435281471e-07,3.04991004326793e-09,-7.73807234955015e-09,4.13580408809011e-09,1.12949886254204e-06,9.2889499091104e-09,0,1
120,11.745048555362,4.262047414671,9.616159420263,-0.0322440676391125,-0.0487540550529957,1.43969666957855,2.2253155708313,4.28021717071533,24.3816223144531,-2.67916074461055e-07,-2.09872511952591e-07,9.35935647594643e-08,-8.89979895335458e-10,-1.53145359726992e-08,4.23310411723499e-09,3.52966357592755e-07,1.59137125379513e-08,0,1
121,19.746486153894,-0.3477912142594,9.49363823917,0.302088677883148,-1.47262823581696,3.1774160861969,3.0724093914032,1.92906975746155,-18.4728965759277,2.33573257343161e-07,-1.61770691624319e-06,-2.07927424375476e-07,3.06172631692192e-09,-4.37042207979133e-10,-1.60943905425093e-09,1.64765468081584e-06,3.48646927429967e-09,0,1
122,15.745363738602,-0.8507382213017,9.494346204363,-0.0260396078228951,-0.103134244680405,0.146638721227646,-0.341506451368332,0.276046276092529,-0.593498706817627,1.74866454626717e-07,-1.54040552646784e-07,-4.68466952036062e-08,-5.0203898633791e-09,-1.79273027672844e-09,-9.60333524507861e-10,2.37700192816379e-07,5.41668133673305e-09,0,1
123,11.745156109787,-1.3465661604488,9.482670019663,-0.0136837158352137,-0.00647224392741919,0.0104696089401841,0.00307657616212964,-0.171884924173355,0.61887538433075,2.96788227934636e-09,1.96074320460426e-08,1.57997280259004e-08,5.4275050703767e-09,-2.23820230751959e-09,-8.41916893840056e-10,2.53552977177682e-08,5.93095143417008e-09,0,1
124,25.003364442936,1.2309509837,7.820838234858,2.25771760940552,-1.78032302856445,5.7758207321167,-1.45344281196594,-0.334506392478943,0.300991773605347,2.6308637250394e-06,5.02678964461878e-06,-4.03530967962862e-06,2.14152427388536e-09,-1.29843842344712e-08,2.56765776696088e-09,6.96231156164956e-06,1.34079538547931e-08,0,1
125,26.764024323436,0.667598149663,6.915429218772,1.32723581790924,-1.87816119194031,2.77445554733276,0.965996980667114,4.48605442047119,4.5582103729248,-6.90601146525159e-07,7.09067316084777e-07,1.77143840138661e-07,2.21471010974916e-09,3.415988138189e-09,-4.51884141217107e-09,1.00552789241304e-06,6.08225645125436e-09,0,1
126,29.252571741026,1.660464093804,1.727182331294,0.645072638988495,-1.44281411170959,0.2247554063797,-6.61007833480835,-2.41455411911011,1.69250750541687,-1.862830072627e-07,3.06287235761482e-07,6.49496195632461e-07,7.2908586182252e-09,-1.25939523670793e-08,-3.95453381152322e-09,7.41861535413641e-07,1.50798737820212e-08,0,1
127,29.252861695101,1.660614612171,-1.6581727665484,0.113023310899734,-1.68530905246735,-0.958155512809753,-6.21848249435425,-3.80686187744141,4.11943531036377,-3.00962905436762e-07,8.37638555668471e-07,5.03814464072362e-07,-1.23338610548765e-09,-8.21997687538295e-09,-2.65748192878473e-08,1.02276391928921e-06,2.78443940731125e-08,0,1
128,26.758847417861,4.572661378894,-1.9626596810126,-1.32112264633179,-4.90657091140747,-2.34786152839661,11.1674489974976,10.0940580368042,-2.12246561050415,-7.68978063354214e-07,2.73725696520524e-07,-1.67587917008181e-06,-8.14462412790373e-09,6.76416847100042e-09,-3.42941749997827e-09,1.8640879838596e-06,1.11287816798635e-08,0,1
129,23.765602945288,6.88500690367,-2.1643461255316,-6.31581974029541,-14.3778476715088,-2.41646933555603,-0.573683440685272,-6.07190179824829,7.48466491699219,-1.190211027807,-1.82462004083574,0.492394189689363,5.09880818816422e-09,-1.20155861406401e-08,-2.6670767599643e-08,2.23344859402956,2.96934672882269e-08,0,1
130,19.754085290547,9.177644230308,-2.3610451624641,-10.0615634918213,-24.1307888031006,-2.10140800476074,-23.439603805542,-78.2055740356445,17.3000926971436,-2.26280902517192,-5.52299697614969,0.993120952271743,8.31328646842128e-08,-5.29380496314125e-08,-7.91764983298915e-08,6.05062719962147,1.26421628597186e-07,0,1
131,25.003364460481,1.230950996427,-7.7517793713904,2.03355884552002,-1.24615132808685,-5.1147403717041,4.19225406646729,0.676996052265167,-4.84484624862671,6.47064822225079e-06,3.0105860480416e-06,5.12859130049302e-06,1.41729897661785e-08,3.98051390980425e-09,7.57749541845792e-09,8.78836534836102e-06,1.65570699918523e-08,0,1
132,26.764023522006,0.667597681567,-6.8463711952152,1.64612233638763,-1.48549807071686,-3.34833574295044,3.94609332084656,-0.502830743789673,1.0790182352066,-2.33679976780615e-06,-1.28441835983012e-06,-2.72845046084963e-06,2.2165967256127e-09,-2.48261484286916e-10,8.10389033656378e-10,3.81507609297615e-06,2.37311297549185e-09,0,1
133,22.702022562,3.13981748729,-8.0058212475898,2.17119908332825,-0.548780500888824,-7.32812690734863,-4.56113243103027,-0.71519261598587,2.98328351974487,-1.47452629019676e-06,-3.8417326862954e-06,-3.28515544236602e-06,-4.6884725615759e-09,-3.46166885521054e-10,-2.48593436287525e-09,5.2654899196503e-06,5.31803310724984e-09,0,1
134,28.981461376678,0.472839559758,-4.2557360972662,1.2135157585144,-1.12116670608521,-1.65375018119812,6.64767360687256,2.98226809501648,-1.80385053157806,9.26957028912767e-07,1.67057103067636e-07,1.98942377173383e-06,-2.84933140970445e-09,7.56542301028063e-09,3.26102128633821e-09,2.20112797280753e-06,8.71714257292851e-09,0,1
135,19.736617708259,4.643237504487,-8.3980087097763,1.94071292877197,0.773086071014404,-9.40349388122559,-3.74819564819336,-3.88484930992126,3.80576324462891,9.40636321632468e-07,2.14377926381116e-06,1.43930170398883e-06,-1.56160777503578e-08,1.16000665583565e-08,-1.16136180273313e-09,2.74812219827033e-06,1.94877446027078e-08,0,1
136,15.741095514528,4.544608848814,-9.2855312914609,0.11478316783905,-0.000663095561321825,-3.83891916275024,-2.296217918396,4.31953001022339,-21.0524063110352,8.95543373511005e-07,1.32561510273257e-06,7.35959289149823e-07,-7.59459786725536e-10,-2.89838182343516e-08,-8.55677004252264e-09,1.76093424343957e-06,3.02300647066823e-08,0,1
137,11.745048529564,4.262046924625,-9.547100679362,-0.0207502394914627,0.0664914697408676,-1.19528567790985,-3.54410743713379,-10.1295518875122,48.2308197021484,9.97214213288578e-08,2.26109108863309e-07,7.8086775379127e-09,-3.86074949787485e-09,7.48679274131803e-09,2.03384764585479e-09,2.47246165648122e-07,8.6656787664523e-09,0,1
138,14.078733534356,7.869932572826,-7.710020081367,0.0176984034478664,0.830875158309937,-4.45056819915771,0.480998516082764,26.2265300750732,-32.2833366394043,2.75611365885275e-06,5.96694623866689e-06,5.58914989090553e-06,2.82901578829708e-08,-2.65780146779804e-08,-1.60616107081069e-08,8.62781585447122e-06,4.20083234110233e-08,0,1
139,17.960154525797,6.949436345805,-7.4145928785526,0.75662088394165,0.466033488512039,-7.99283742904663,3.4380145072937,18.7955322265625,-15.3592662811279,8.14291139794587e-08,7.8167873024948e-06,7.08285829514876e-06,4.31294139291438e-08,7.14635944865094e-08,8.23459712639973e-08,1.05487286467235e-05,1.17252081713779e-07,0,1
140,26.754928112762,3.166576785638,-4.7462872607252,1.67297673225403,-1.79990994930267,-3.92845106124878,4.00857067108154,7.47066450119019,-7.29625940322876,2.73956250798624e-06,8.07399415658772e-07,4.36571050596579e-06,-5.91816279316149e-09,-2.92101470789063e-09,-1.22356526577327e-08,5.21694592395494e-06,1.39020924227527e-08,0,1
141,23.753238483734,4.966908677622,-5.8482721884338,2.86663293838501,-0.604026138782501,-8.28057956695557,-1.20404052734375,-6.72113656997681,5.95175170898438,-1.25477738978363e-06,6.57334493094075e-06,6.44987549053982e-06,-1.61975910462075e-09,2.39718643268994e-08,2.66823315664411e-08,9.29431136354399e-06,3.59057198324413e-08,0,1
142,11.742743325976,8.93744381708,-7.1186123272139,0.0981932431459427,1.74025869369507,-3.187255859375,-4.92423868179321,-16.7115955352783,25.4111328125,-5.41020049482643e-07,8.82116259620647e-07,8.08333273927264e-07,-1.753657544179e-08,4.53719164461575e-08,4.21329244826296e-08,1.31310108947e-06,6.43531320580565e-08,0,1
143,17.259670249062,-0.7399864756325,-9.4242521356718,0.0442462079226971,-0.434256464242935,-0.750862002372742,1.01005458831787,-0.120888538658619,1.41555118560791,3.6788810690142e-07,8.38007489806919e-07,-2.9928741729357e-07,-4.37852040735542e-09,3.34669375545715e-10,6.18003452232396e-11,9.62897279216355e-07,4.39172674824217e-09,0,1
144,19.746485818506,-0.3477904026165,-9.4245795801461,0.169980496168137,-0.761588037014008,-1.40325200557709,0.0647178813815117,0.724750757217407,-2.46152567863464,5.34025152331558e-07,-1.12446754736706e-06,2.23973077268652e-07,-1.39835641677077e-09,4.74652094364925e-09,1.25476807069647e-09,1.26482175334931e-06,5.10483150045761e-09,0,1
145,15.745363629618,-0.850736957896,-9.4252877743033,0.00980041921138763,-0.338273972272873,-0.592844009399414,-0.782941341400146,-0.0147163383662701,-1.27090620994568,-3.12328318451615e-07,-9.73970619129808e-07,3.20214771476479e-07,2.77273452635451e-09,-9.34528010532176e-11,-1.68695571400868e-10,1.07177667697457e-06,2.77943310325565e-09,0,1
146,11.745155951144,-1.346565006326,-9.4136115187771,-0.0129739958792925,-0.0582371540367603,-0.105790860950947,0.35604402422905,-0.54891973733902,-2.2990996837616,-2.77800480926252e-09,-5.1591172691573e-08,8.63096118186579e-09,1.30057352387691e-09,-1.28556447605288e-09,5.38192324256795e-10,5.23818661497933e-08,1.90625771893195e-09,0,1
147,26.94095289758,4.838453627963,0.033536563491,-3.90007948875427,-7.44504022598267,-0.998251497745514,-0.995330214500427,-5.00321197509766,5.46698665618896,-1.60964200738786e-06,1.88014428265625e-06,1.4353014216172e-06,-6.6422284946549e-09,5.43108681465287e-09,1.58856567141104e-08,2.86111518231073e-06,1.80546390881142e-08,0,1
148,24.138666438976,6.93874765518,0.033536563504,-6.55480051040649,-14.3384065628052,-1.59260773658752,11.4811220169067,17.4397106170654,2.36873626708984,9.8858792294855e-07,-9.97878356359845e-07,-4.94687708469895e-07,2.80761423259585e-08,-2.12018804338163e-08,8.71378482911189e-09,1.48922235559447e-06,3.62452693173244e-08,0,1
149,18.429254777268,9.959433626571,0.033536563525,-11.5076236724854,-29.300048828125,-2.17285108566284,2.83285450935364,41.8777122497559,2.61407613754272,-2.09672984145956,-5.57045965798699,-0.177737073954505,-1.78962980823538e-08,6.07725798851266e-09,4.22796498679434e-08,5.95465257565758,4.6311762465569e-08,0,1
150,14.611785826102,11.15670859888,0.033536563716,-2.80474472045898,-7.63182878494263,-1.17312443256378,4.47466278076172,1.65644240379333,-2.69318199157715,5.45087542283551e-07,1.77576206517038e-09,2.97871661983709e-06,3.75339106462036e-08,-1.02360322995487e-08,3.2415324466295e-08,3.02818035846238e-06,5.06391554618537e-08,0,1
151,15.756608489066,10.60264896332,2.464406212461,-5.72445440292358,-16.5567817687988,-1.4535266160965,6.66352796554565,6.56035327911377,-1.55376613140106,-1.42817235141525,-4.1563205753715,-0.724668716469825,-3.07044122488387e-08,8.91971446703721e-09,-4.295914929342e-09,4.45419147985731,3.22610775207564e-08,0,1
152,11.737468268562,11.51165743305,2.586527927404,-0.463813841342926,-2.29191780090332,0.0523869134485722,-1.79990601539612,-10.5429029464722,-5.82772064208984,-1.49702081397862e-07,-9.1556403361559e-08,2.99987006444069e-07,-1.95538266134498e-10,2.06380662559624e-10,-1.48297762958549e-09,3.47542072570546e-07,1.50998372218128e-09,0,1
153,26.752859526186,4.565791238715,2.064112499464,-2.63817429542542,-6.53181982040405,0.0703965276479721,-10.8121128082275,-5.03918075561523,-0.282108426094055,-1.32945979407564e-07,8.6713690130788e-07,-1.2398985750452e-06,1.49698742299767e-08,-9.40235865640876e-09,-9.76559286561263e-09,1.51886454809163e-06,2.01957492255665e-08,0,1
154,19.74470497762,7.30058417957,6.290288024732,-4.82010364532471,-13.1349439620972,1.50802206993103,15.6133861541748,55.5597610473633,35.8678131103516,-2.42676650312872,-5.50493719150699,-2.97576141822436,-1.91134914784286e-07,-7.63140457493705e-08,2.15675802994753e-07,6.71183172921797,2.98114812154083e-07,0,1
155,12.265990686218,0.249962093716,9.796708289038,-0.0282484050840139,-0.157260462641716,0.766577184200287,1.98114514350891,-3.07505869865417,17.8754749298096,-5.45504493104643e-08,-2.78796447143737e-08,-4.27046123463448e-09,1.26755353019314e-08,-1.81099626961334e-08,-2.99848237211853e-09,6.14106094134373e-08,2.23076408564814e-08,0,1
156,11.737470581794,11.5116505761,-2.5175037871282,-0.447668194770813,-2.11865305900574,-0.870686888694763,-10.8153305053711,-55.2017478942871,8.52949523925781,6.97337138429177e-07,-2.16660958299308e-07,-7.95921754215972e-07,3.3218369929755e-09,-8.33594696048046e-09,-3.50646632840679e-08,1.08014466360668e-06,3.6194657395269e-08,0,1
157,15.75660168892,10.60266178046,-2.3952982983475,-6.30240774154663,-18.7044219970703,-2.27711296081543,5.45109605789185,-33.8803367614746,5.04209566116333,-0.823515528930063,-2.29700103536392,0.546852227384543,-9.54638536415642e-08,1.44453844580505e-08,-5.23322533085846e-08,2.50068769370494,1.09821132850616e-07,0,1
158,12.265990587748,0.249962087824,-9.7276494409661,-0.0287197474390268,-0.150949120521545,-0.492628663778305,-1.22810888290405,1.3513069152832,5.77557611465454,-5.43785855058095e-08,2.19163375221425e-07,-2.43120357734661e-08,7.81964839408067e-09,-1.80128281734859e-09,4.80197711455466e-10,2.27113827592047e-07,8.03878788358113e-09,0,1
159,19.744704255248,7.300584408461,-6.2212293309665,2.94302654266357,2.53961277008057,-12.4522790908813,1.79951357841492,4.76125621795654,-2.77014088630676,-1.15291862375598e-07,-1.94664199344805e-06,-2.301097060825e-06,-4.40908785176441e-09,8.92749540959414e-10,-1.98581251442675e-09,3.01624848902124e-06,4.91736807346305e-09,0,1
160,17.259672164338,-0.7399865902542,9.493310903205,-0.0192181821912527,-0.382008671760559,0.772732734680176,0.165000975131989,0.291359961032867,-7.01274442672729,8.5831253249756e-08,7.18709030740616e-07,1.40041902595145e-07,2.21122341270696e-09,1.77771006248939e-10,-1.25504790587927e-10,7.37239044940654e-07,2.22190525541183e-09,0,1
161,23.747320479777,1.358324898252,8.396166505888,1.82415187358856,-1.95879435539246,5.82892084121704,12.5820999145508,11.9457416534424,30.6627731323242,-1.25428734665256e-06,-3.19663026702999e-06,1.61044602597915e-06,-2.29966723441777e-09,-4.46195330683352e-09,2.04544053916678e-09,3.79278502088597e-06,5.42045419689938e-09,0,1
162,23.747319688874,1.358324301377,-8.3271082052576,1.67676830291748,-1.30980288982391,-5.01064109802246,-2.16953611373901,0.154278427362442,1.89684629440308,-6.12808493014098e-06,-2.87988733606998e-06,-4.04166910238698e-06,3.09674360286782e-09,1.86181590977608e-10,1.18019411257664e-09,7.88557322663779e-06,3.31923826654284e-09,0,1
163,15.738665092575,8.436976193348,-6.7218684758123,0.815585136413574,3.22505664825439,-8.73337554931641,-37.9126472473145,-97.0615386962891,94.9757843017578,-6.57736782039287e-07,-7.86465289809302e-06,-8.29260110471464e-06,6.38448229839383e-08,7.32760829791346e-09,2.95088451451875e-08,1.14478214505575e-05,7.07151130029552e-08,0,1
